input_snr_db,seed,condition,clean_name,noise_type,test_samples,mean_val_snr,model_path,mean_input_snr,std_input_snr_samples,median_input_snr,min_input_snr,max_input_snr,mean_output_snr,std_output_snr_samples,median_output_snr,min_output_snr,max_output_snr,mean_input_correlation,std_input_correlation_samples,median_input_correlation,min_input_correlation,max_input_correlation,mean_output_correlation,std_output_correlation_samples,median_output_correlation,min_output_correlation,max_output_correlation,mean_input_nrmse,std_input_nrmse_samples,median_input_nrmse,min_input_nrmse,max_input_nrmse,mean_output_nrmse,std_output_nrmse_samples,median_output_nrmse,min_output_nrmse,max_output_nrmse,mean_input_spectral_distortion_db,std_input_spectral_distortion_db_samples,median_input_spectral_distortion_db,min_input_spectral_distortion_db,max_input_spectral_distortion_db,mean_output_spectral_distortion_db,std_output_spectral_distortion_db_samples,median_output_spectral_distortion_db,min_output_spectral_distortion_db,max_output_spectral_distortion_db,mean_snr_improvement,mean_correlation_improvement,mean_nrmse_reduction,mean_spectral_distortion_reduction_db
0,7,jian_normal,jian,normal,3752,6.459885107599179,D:\wangshuo\paper4_2\unet_7block_combined_models\unet_7block_combined_0dB_seed7.h5,-2.457540682753058e-07,3.9443633033296913e-07,-2.4333248237252313e-07,-1.6711364422333388e-06,9.495533143639075e-07,5.218275006457011,1.5745548291491105,5.126720193272426,0.26616228897870875,11.992761688991859,0.706075131926123,0.037461139250819044,0.7065900912698346,0.5222532638104211,0.8347599005560343,0.8304988246100251,0.07102374127978492,0.8410089162209151,0.44300897871601774,0.9694852947569738,1.0000000281777712,4.541374975178015e-08,1.0000000278983476,0.9999998905277602,1.0000001923472597,0.5573486908974257,0.09999507812934819,0.5541967692860597,0.25139805618775596,0.9698216708502906,20.28646889708853,4.698513539211429,20.39416736523939,4.754475788475147,39.893169090682875,8.301768128185849,0.9880179105576624,8.312206525913084,3.4856817413882974,16.43705998638524,5.21827525221108,0.12442369268390208,0.44265133728034556,11.98470076890268
0,19,jian_normal,jian,normal,3752,6.382729388449752,D:\wangshuo\paper4_2\unet_7block_combined_models\unet_7block_combined_0dB_seed19.h5,-2.457540682753058e-07,3.9443633033296913e-07,-2.4333248237252313e-07,-1.6711364422333388e-06,9.495533143639075e-07,5.311798963373712,1.7109043543336289,5.184034477972549,-0.20854478756721692,13.488675578581852,0.706075131926123,0.037461139250819044,0.7065900912698346,0.5222532638104211,0.8347599005560343,0.8444792259190165,0.07080715234831485,0.8541749825710495,0.38123623628545145,0.9777482870473602,1.0000000281777712,4.541374975178015e-08,1.0000000278983476,0.9999998905277602,1.0000001923472597,0.5529589414456199,0.10745988263983135,0.5505519081407364,0.21162463440520374,1.0243001578133168,20.28646889708853,4.698513539211429,20.39416736523939,4.754475788475147,39.893169090682875,8.504991004620997,1.1659258063825166,8.536674998357999,2.550833007752293,15.034949294195851,5.311799209127781,0.13840409399289344,0.44704108673215137,11.781477892467532
0,42,jian_normal,jian,normal,3752,6.028628191168146,D:\wangshuo\paper4_2\unet_7block_combined_models\unet_7block_combined_0dB_seed42.h5,-2.457540682753058e-07,3.9443633033296913e-07,-2.4333248237252313e-07,-1.6711364422333388e-06,9.495533143639075e-07,4.868143317383828,1.6229163333744216,4.765652583770423,-0.9646250227911528,12.257535516711425,0.706075131926123,0.037461139250819044,0.7065900912698346,0.5222532638104211,0.8347599005560343,0.831450104384942,0.07303202894041,0.8409100442580881,0.35818527552476975,0.9723733068656933,1.0000000281777712,4.541374975178015e-08,1.0000000278983476,0.9999998905277602,1.0000001923472597,0.5808685790578259,0.10771912314247564,0.5777199527874239,0.24385026056856557,1.1174581161075376,20.28646889708853,4.698513539211429,20.39416736523939,4.754475788475147,39.893169090682875,8.62246745167492,1.2989103752764177,8.712931208703157,2.7135898413926687,15.194693651915111,4.868143563137897,0.125374972458819,0.4191314491199454,11.664001445413609
0,66,jian_normal,jian,normal,3752,6.436677491319527,D:\wangshuo\paper4_2\unet_7block_combined_models\unet_7block_combined_0dB_seed66.h5,-2.457540682753058e-07,3.9443633033296913e-07,-2.4333248237252313e-07,-1.6711364422333388e-06,9.495533143639075e-07,4.573735706397092,1.8410365595725449,4.43033523564621,-2.5714344020092934,13.042002833119682,0.706075131926123,0.037461139250819044,0.7065900912698346,0.5222532638104211,0.8347599005560343,0.8194354182621427,0.08458418422974955,0.8318554851075529,0.0725988682030574,0.9776321985163331,1.0000000281777712,4.541374975178015e-08,1.0000000278983476,0.9999998905277602,1.0000001923472597,0.6036879199517873,0.12463177165797651,0.6004588254355743,0.22279213644587995,1.344533798152152,20.28646889708853,4.698513539211429,20.39416736523939,4.754475788475147,39.893169090682875,9.029126518266807,1.5173299854269866,8.943076113740847,3.018495215244375,15.599034438196938,4.573735952151161,0.11336028633601969,0.39631210822598395,11.257342378821722
0,88,jian_normal,jian,normal,3752,6.274570806361655,D:\wangshuo\paper4_2\unet_7block_combined_models\unet_7block_combined_0dB_seed88.h5,-2.457540682753058e-07,3.9443633033296913e-07,-2.4333248237252313e-07,-1.6711364422333388e-06,9.495533143639075e-07,4.610472836806037,1.7567275592595586,4.474236708025819,-0.5988087672428937,13.164059638841634,0.706075131926123,0.037461139250819044,0.7065900912698346,0.5222532638104211,0.8347599005560343,0.8404719811428174,0.06966114687570799,0.8509591293153727,0.4060537579405375,0.9759512900440729,1.0000000281777712,4.541374975178015e-08,1.0000000278983476,0.9999998905277602,1.0000001923472597,0.5999561749594112,0.117868909690477,0.5974315623753027,0.21968328689886327,1.0713723664517218,20.28646889708853,4.698513539211429,20.39416736523939,4.754475788475147,39.893169090682875,8.634701641159726,1.6067152677546122,8.61616531555282,2.3990099530841436,16.756259586861436,4.610473082560105,0.13439684921669437,0.40004385321836,11.651767255928803
0,100,jian_normal,jian,normal,3752,6.228789360709719,D:\wangshuo\paper4_2\unet_7block_combined_models\unet_7block_combined_0dB_seed100.h5,-2.457540682753058e-07,3.9443633033296913e-07,-2.4333248237252313e-07,-1.6711364422333388e-06,9.495533143639075e-07,4.95728704076644,1.5956273493476145,4.867897137463764,-0.831613689479483,10.477482824121942,0.706075131926123,0.037461139250819044,0.7065900912698346,0.5222532638104211,0.8347599005560343,0.8159965898296536,0.07630740736815173,0.8264815326571461,0.20746600416251482,0.9646740705152983,1.0000000281777712,4.541374975178015e-08,1.0000000278983476,0.9999998905277602,1.0000001923472597,0.5745881793316937,0.10410347288495961,0.5709592858726572,0.2993131921105666,1.100476279420516,20.28646889708853,4.698513539211429,20.39416736523939,4.754475788475147,39.893169090682875,8.069044677333377,1.1239121564482204,8.0924780808785,2.8331736246538846,16.08425630514079,4.957287286520509,0.10992145790353058,0.4254118488460775,12.217424219755152
0,123,jian_normal,jian,normal,3752,5.683535082754735,D:\wangshuo\paper4_2\unet_7block_combined_models\unet_7block_combined_0dB_seed123.h5,-2.457540682753058e-07,3.9443633033296913e-07,-2.4333248237252313e-07,-1.6711364422333388e-06,9.495533143639075e-07,3.8245236335161272,1.8354913376668398,3.779624882802575,-1.971990658270778,12.377091243448504,0.706075131926123,0.037461139250819044,0.7065900912698346,0.5222532638104211,0.8347599005560343,0.8174254449060318,0.07684264457926117,0.8282280109536038,0.21751131127801984,0.971800043304953,1.0000000281777712,4.541374975178015e-08,1.0000000278983476,0.9999998905277602,1.0000001923472597,0.6581418366995133,0.13757679804897963,0.6471705589625639,0.24051681140550887,1.25487230888087,20.28646889708853,4.698513539211429,20.39416736523939,4.754475788475147,39.893169090682875,8.206423107931164,1.2159414751832411,8.168311685540434,3.586382093059039,16.498908101797884,3.8245238792701954,0.11135031297990872,0.3418581914782579,12.080045789157365
0,256,jian_normal,jian,normal,3752,5.6245380882175935,D:\wangshuo\paper4_2\unet_7block_combined_models\unet_7block_combined_0dB_seed256.h5,-2.457540682753058e-07,3.9443633033296913e-07,-2.4333248237252313e-07,-1.6711364422333388e-06,9.495533143639075e-07,3.463925763871138,1.9291283242314299,3.325654661918666,-1.9019641974751886,10.470365790033691,0.706075131926123,0.037461139250819044,0.7065900912698346,0.5222532638104211,0.8347599005560343,0.814841847441676,0.07896273674214131,0.8253740310429576,0.25675488907456073,0.9707850648610007,1.0000000281777712,4.541374975178015e-08,1.0000000278983476,0.9999998905277602,1.0000001923472597,0.6874435898243871,0.14846820966460733,0.6818946190931953,0.2995585434306015,1.2447960975693901,20.28646889708853,4.698513539211429,20.39416736523939,4.754475788475147,39.893169090682875,8.328658591592655,1.2076788928443052,8.271495218357952,2.819472206400943,16.30634534271068,3.4639260096252062,0.10876671551555295,0.3125564383533841,11.957810305495874
0,512,jian_normal,jian,normal,3752,6.302389266637169,D:\wangshuo\paper4_2\unet_7block_combined_models\unet_7block_combined_0dB_seed512.h5,-2.457540682753058e-07,3.9443633033296913e-07,-2.4333248237252313e-07,-1.6711364422333388e-06,9.495533143639075e-07,5.2771343957974075,1.8745760040450996,5.1158790582299325,-0.7139802365750598,12.582126274272058,0.706075131926123,0.037461139250819044,0.7065900912698346,0.5222532638104211,0.8347599005560343,0.8344762900117887,0.07427878869163372,0.8459711413562063,0.2861610472438285,0.9722935188427462,1.0000000281777712,4.541374975178015e-08,1.0000000278983476,0.9999998905277602,1.0000001923472597,0.5572646979986536,0.11802788368192445,0.5548889049865883,0.23490575825567814,1.0856729391988253,20.28646889708853,4.698513539211429,20.39416736523939,4.754475788475147,39.893169090682875,8.496374750529188,1.2843129980732393,8.54195553186241,2.679066198670448,16.181371641433046,5.277134641551476,0.12840115808566566,0.4427353301791176,11.79009414655934
0,2024,jian_normal,jian,normal,3752,5.650538258035647,D:\wangshuo\paper4_2\unet_7block_combined_models\unet_7block_combined_0dB_seed2024.h5,-2.457540682753058e-07,3.9443633033296913e-07,-2.4333248237252313e-07,-1.6711364422333388e-06,9.495533143639075e-07,4.291860404563186,1.6345483941119865,4.24125640728824,-1.003035011939501,10.451124540085372,0.706075131926123,0.037461139250819044,0.7065900912698346,0.5222532638104211,0.8347599005560343,0.8110193830076037,0.07763187364837414,0.8218925924475109,0.36252509476393985,0.9664480502350627,1.0000000281777712,4.541374975178015e-08,1.0000000278983476,0.9999998905277602,1.0000001923472597,0.6208734430139057,0.11579913436142236,0.6136732218705911,0.3002228699904163,1.122410586321473,20.28646889708853,4.698513539211429,20.39416736523939,4.754475788475147,39.893169090682875,8.190027479192743,1.0573321869764434,8.212732917476721,3.7230054832558905,17.749862356252876,4.291860650317255,0.10494425108148064,0.37912658516386555,12.096441417895786
0,7,jian_truck,jian,truck,3752,6.459885107599179,D:\wangshuo\paper4_2\unet_7block_combined_models\unet_7block_combined_0dB_seed7.h5,-1.1738352646880399e-07,3.5942771849744113e-07,-1.2567285977967983e-07,-1.2884347744139606e-06,1.0347539679567328e-06,5.42218207047576,1.5628902662720476,5.428749890948396,0.4092142649089324,12.375047581950582,0.710311584382582,0.04528351986030182,0.7108095381872646,0.4960373603681975,0.8852347306557381,0.8357031808433286,0.06948495147722708,0.8503770735264518,0.42414138455685707,0.9716746727602915,1.0000000133985656,4.1383409130662266e-08,1.0000000143572119,0.9999998806969925,1.00000014816821,0.5443221513893992,0.09753915681519873,0.5352571545901392,0.24057340811557001,0.9539800359019349,17.663345062886307,3.958992610867711,17.376366765169358,5.0284430601356105,36.034052830733614,8.304580345583219,1.1093060122964302,8.297312907653076,2.883472054581201,17.62574264204964,5.422182187859287,0.1253915964607466,0.4556778620091664,9.358764717303089
0,19,jian_truck,jian,truck,3752,6.382729388449752,D:\wangshuo\paper4_2\unet_7block_combined_models\unet_7block_combined_0dB_seed19.h5,-1.1738352646880399e-07,3.5942771849744113e-07,-1.2567285977967983e-07,-1.2884347744139606e-06,1.0347539679567328e-06,5.229770855825941,1.6207096329217263,5.235287595199216,-0.439522276967318,12.405079788050816,0.710311584382582,0.04528351986030182,0.7108095381872646,0.4960373603681975,0.8852347306557381,0.8378450687898175,0.07373228067658594,0.8539517094917997,0.37693592123382297,0.9726652708409044,1.0000000133985656,4.1383409130662266e-08,1.0000000143572119,0.9999998806969925,1.00000014816821,0.5572311938615719,0.10432240695214207,0.5473128115886259,0.2397430413456797,1.0519040189156557,17.663345062886307,3.958992610867711,17.376366765169358,5.0284430601356105,36.034052830733614,8.83525038177793,1.3861766192686313,8.951443197115275,2.690409943022324,16.14796295317234,5.229770973209468,0.12753348440723544,0.44276881953699365,8.828094681108377
0,42,jian_truck,jian,truck,3752,6.028628191168146,D:\wangshuo\paper4_2\unet_7block_combined_models\unet_7block_combined_0dB_seed42.h5,-1.1738352646880399e-07,3.5942771849744113e-07,-1.2567285977967983e-07,-1.2884347744139606e-06,1.0347539679567328e-06,4.438546782471281,1.6198674957097925,4.399188722584627,-1.8478641928085893,10.78106480510109,0.710311584382582,0.04528351986030182,0.7108095381872646,0.4960373603681975,0.8852347306557381,0.8201779865142809,0.07963528327662413,0.8368338332762327,0.2573197738252221,0.9630742975240033,1.0000000133985656,4.1383409130662266e-08,1.0000000143572119,0.9999998806969925,1.00000014816821,0.6103137177998342,0.1134476168581101,0.6026158573917109,0.2890325534232784,1.237066970288118,17.663345062886307,3.958992610867711,17.376366765169358,5.0284430601356105,36.034052830733614,8.7994930733463,1.4811145908491505,8.983408117552335,2.4555917256814865,16.11864524392361,4.438546899854808,0.10986640213169885,0.38968629559873136,8.863851989540008
0,66,jian_truck,jian,truck,3752,6.436677491319527,D:\wangshuo\paper4_2\unet_7block_combined_models\unet_7block_combined_0dB_seed66.h5,-1.1738352646880399e-07,3.5942771849744113e-07,-1.2567285977967983e-07,-1.2884347744139606e-06,1.0347539679567328e-06,4.968461033380501,1.8215238202032047,4.927808792770049,-0.8382268342722872,11.719939781267371,0.710311584382582,0.04528351986030182,0.7108095381872646,0.4960373603681975,0.8852347306557381,0.8295723038728996,0.08455334160544262,0.8491091654733118,0.22121129285867605,0.9676754059231462,1.0000000133985656,4.1383409130662266e-08,1.0000000143572119,0.9999998806969925,1.00000014816821,0.5767456712348102,0.11960401090539467,0.5670345866284869,0.25941973025037884,1.1013144642423354,17.663345062886307,3.958992610867711,17.376366765169358,5.0284430601356105,36.034052830733614,9.146104588997254,1.6934232347720948,9.016597468358654,3.295705586748376,16.298197753382496,4.9684611507640275,0.11926071949031758,0.42325434216375535,8.517240473889053
0,88,jian_truck,jian,truck,3752,6.274570806361655,D:\wangshuo\paper4_2\unet_7block_combined_models\unet_7block_combined_0dB_seed88.h5,-1.1738352646880399e-07,3.5942771849744113e-07,-1.2567285977967983e-07,-1.2884347744139606e-06,1.0347539679567328e-06,4.831465509795088,1.6563850030986074,4.769368105129725,-0.23848521420256705,12.272327085193481,0.710311584382582,0.04528351986030182,0.7108095381872646,0.4960373603681975,0.8852347306557381,0.8481178705779244,0.06883962981060747,0.8621256824666618,0.43151275692272634,0.9743186783681407,1.0000000133985656,4.1383409130662266e-08,1.0000000143572119,0.9999998806969925,1.00000014816821,0.5836900777201572,0.10946667878330892,0.5774728822699664,0.24343534928142724,1.0278370332575457,17.663345062886307,3.958992610867711,17.376366765169358,5.0284430601356105,36.034052830733614,8.875048809817871,1.7932495078271493,8.935974970195048,2.1743380606828357,16.842463266137973,4.8314656271786145,0.1378062861953424,0.41630993567840835,8.788296253068436
0,100,jian_truck,jian,truck,3752,6.228789360709719,D:\wangshuo\paper4_2\unet_7block_combined_models\unet_7block_combined_0dB_seed100.h5,-1.1738352646880399e-07,3.5942771849744113e-07,-1.2567285977967983e-07,-1.2884347744139606e-06,1.0347539679567328e-06,5.486694567281014,1.6285796246663924,5.493342944492452,0.44902811921300767,11.775680754852928,0.710311584382582,0.04528351986030182,0.7108095381872646,0.4960373603681975,0.8852347306557381,0.837766640388778,0.07096431751277188,0.852372796172313,0.4009250062132477,0.9700207407889168,1.0000000133985656,4.1383409130662266e-08,1.0000000143572119,0.9999998806969925,1.00000014816821,0.5410779217349124,0.10154970619442182,0.5312914789747999,0.2577602605728166,0.9496172469646472,17.663345062886307,3.958992610867711,17.376366765169358,5.0284430601356105,36.034052830733614,8.011281438819802,1.183400688825958,8.04713523004262,2.579648942573626,15.32287661984505,5.486694684664541,0.127455056006196,0.45892209166365316,9.652063624066505
0,123,jian_truck,jian,truck,3752,5.683535082754735,D:\wangshuo\paper4_2\unet_7block_combined_models\unet_7block_combined_0dB_seed123.h5,-1.1738352646880399e-07,3.5942771849744113e-07,-1.2567285977967983e-07,-1.2884347744139606e-06,1.0347539679567328e-06,3.6146206016352345,1.920521315660923,3.5007697931772466,-1.8925359354527185,12.151799180031365,0.710311584382582,0.04528351986030182,0.7108095381872646,0.4960373603681975,0.8852347306557381,0.8217773000039892,0.07986315260655222,0.8391858477021201,0.3087141185385434,0.9711722078289629,1.0000000133985656,4.1383409130662266e-08,1.0000000143572119,0.9999998806969925,1.00000014816821,0.6754806156979585,0.14563344521122465,0.6682846795387072,0.24683687574232047,1.243445646806007,17.663345062886307,3.958992610867711,17.376366765169358,5.0284430601356105,36.034052830733614,7.980561775056762,1.215844705517811,7.931417208734935,3.0077906094167686,16.23066952926555,3.614620719018761,0.11146571562140717,0.3245193977006071,9.682783287829546
0,256,jian_truck,jian,truck,3752,5.6245380882175935,D:\wangshuo\paper4_2\unet_7block_combined_models\unet_7block_combined_0dB_seed256.h5,-1.1738352646880399e-07,3.5942771849744113e-07,-1.2567285977967983e-07,-1.2884347744139606e-06,1.0347539679567328e-06,3.9024850763146115,1.7741650152310278,3.8630912294378352,-1.1693177860368882,10.207489038242448,0.710311584382582,0.04528351986030182,0.7108095381872646,0.4960373603681975,0.8852347306557381,0.8316307265552277,0.07108044490076491,0.8458119017579494,0.3467405401355464,0.9637765838754676,1.0000000133985656,4.1383409130662266e-08,1.0000000143572119,0.9999998806969925,1.00000014816821,0.651381914446781,0.13213009232930978,0.640981412189354,0.30876321016777447,1.144105031635989,17.663345062886307,3.958992610867711,17.376366765169358,5.0284430601356105,36.034052830733614,8.26306525768368,1.4023144502216864,8.167097245104204,3.1247264293920862,17.490241630745896,3.902485193698138,0.12131914217264572,0.34861809895178464,9.400279805202628
0,512,jian_truck,jian,truck,3752,6.302389266637169,D:\wangshuo\paper4_2\unet_7block_combined_models\unet_7block_combined_0dB_seed512.h5,-1.1738352646880399e-07,3.5942771849744113e-07,-1.2567285977967983e-07,-1.2884347744139606e-06,1.0347539679567328e-06,5.621447689765766,1.6661589805787473,5.630646614288688,0.4490735723555144,12.179702386495027,0.710311584382582,0.04528351986030182,0.7108095381872646,0.4960373603681975,0.8852347306557381,0.8453376282596253,0.06706432476009103,0.8579310087275651,0.4163378908659864,0.971368439135271,1.0000000133985656,4.1383409130662266e-08,1.0000000143572119,0.9999998806969925,1.00000014816821,0.5332259444206469,0.10315589836951379,0.5229590105398347,0.24604518893785232,0.9496122767554331,17.663345062886307,3.958992610867711,17.376366765169358,5.0284430601356105,36.034052830733614,8.58864549512168,1.4866909910388957,8.665709468814143,2.53363573319169,17.461012072227447,5.621447807149293,0.1350260438770433,0.46677406897791873,9.074699567764627
0,2024,jian_truck,jian,truck,3752,5.650538258035647,D:\wangshuo\paper4_2\unet_7block_combined_models\unet_7block_combined_0dB_seed2024.h5,-1.1738352646880399e-07,3.5942771849744113e-07,-1.2567285977967983e-07,-1.2884347744139606e-06,1.0347539679567328e-06,4.496630651827164,1.6527316551583997,4.522892117385117,-1.1476997499460329,10.333492279713393,0.710311584382582,0.04528351986030182,0.7108095381872646,0.4960373603681975,0.8852347306557381,0.8096687266386986,0.08175477842873405,0.8278642457547813,0.3187754044254026,0.9565887305446913,1.0000000133985656,4.1383409130662266e-08,1.0000000143572119,0.9999998806969925,1.00000014816821,0.6067345900027487,0.11580761977511772,0.5940943097683582,0.3043164184259446,1.1412610319273389,17.663345062886307,3.958992610867711,17.376366765169358,5.0284430601356105,36.034052830733614,7.989887016298923,1.0292354087899738,8.038944204781103,2.4245226828192696,18.09399039151114,4.496630769210691,0.09935714225611658,0.39326542339581694,9.673458046587385
0,7,la_normal,la,normal,3852,6.459885107599179,D:\wangshuo\paper4_2\unet_7block_combined_models\unet_7block_combined_0dB_seed7.h5,-2.512520274061895e-07,4.024446803437894e-07,-2.4045519761726834e-07,-1.6745262223769403e-06,1.0582242405600067e-06,5.737354590108359,1.8064357474616262,5.683755390673526,-0.9676125233084107,12.661724636668179,0.7072192973571187,0.029466549158184134,0.7073661427327047,0.5006310112788852,0.843902261706519,0.8440740047666573,0.07875569326996913,0.8593009483971363,0.18993481862966455,0.9731168457366736,1.0000000288972903,4.633247556136974e-08,1.0000000276683754,0.9999998781245993,1.000000192757226,0.527817340148837,0.11054679095431307,0.5197712286774082,0.23276290449433443,1.117842522753571,23.617234541424438,6.1932269948179695,23.72481459404652,3.9797803796173667,51.04461056246502,8.167068830578982,2.1597986078431135,7.939501724568241,2.4947995022417095,25.33400992731292,5.7373548413603865,0.13685470740953853,0.47218268874845337,15.450165710845456
0,19,la_normal,la,normal,3852,6.382729388449752,D:\wangshuo\paper4_2\unet_7block_combined_models\unet_7block_combined_0dB_seed19.h5,-2.512520274061895e-07,4.024446803437894e-07,-2.4045519761726834e-07,-1.6745262223769403e-06,1.0582242405600067e-06,6.007164201306844,1.769937107979294,5.937785878091976,-0.7588978682773475,12.63830958867964,0.7072192973571187,0.029466549158184134,0.7073661427327047,0.5006310112788852,0.843902261706519,0.8562687833336518,0.07105527860499677,0.8687695854246761,0.2483732748738549,0.9742079434631458,1.0000000288972903,4.633247556136974e-08,1.0000000276683754,0.9999998781245993,1.000000192757226,0.5112260508170828,0.10489432233629384,0.5047899640970627,0.2333912233340866,1.091301855043397,23.617234541424438,6.1932269948179695,23.72481459404652,3.9797803796173667,51.04461056246502,8.006090014826839,2.0815610527854767,7.865158474794166,2.812886861862016,23.155959753534958,6.007164452558871,0.149049485976533,0.4887739780802075,15.611144526597599
0,42,la_normal,la,normal,3852,6.028628191168146,D:\wangshuo\paper4_2\unet_7block_combined_models\unet_7block_combined_0dB_seed42.h5,-2.512520274061895e-07,4.024446803437894e-07,-2.4045519761726834e-07,-1.6745262223769403e-06,1.0582242405600067e-06,5.609140919960689,1.7869035605740993,5.541438395347519,-0.42677309857462664,12.357385065550394,0.7072192973571187,0.029466549158184134,0.7073661427327047,0.5006310112788852,0.843902261706519,0.8413290543275456,0.0776949775420377,0.8558700857222967,0.3002995764778108,0.972205371326105,1.0000000288972903,4.633247556136974e-08,1.0000000276683754,0.9999998781245993,1.000000192757226,0.5353698164802928,0.11006993197492554,0.5283577493979431,0.24106310523673166,1.050361161946697,23.617234541424438,6.1932269948179695,23.72481459404652,3.9797803796173667,51.04461056246502,8.075398042596476,2.173527471824472,7.996135293608942,2.1960542325045056,24.651563528370097,5.609141171212716,0.13410975697042682,0.46463021241699753,15.541836498827962
0,66,la_normal,la,normal,3852,6.436677491319527,D:\wangshuo\paper4_2\unet_7block_combined_models\unet_7block_combined_0dB_seed66.h5,-2.512520274061895e-07,4.024446803437894e-07,-2.4045519761726834e-07,-1.6745262223769403e-06,1.0582242405600067e-06,5.83135797374149,1.8781697563205209,5.823390638993731,-0.9835153389067891,12.97693574796683,0.7072192973571187,0.029466549158184134,0.7073661427327047,0.5006310112788852,0.843902261706519,0.8469075411283378,0.08252770184103687,0.8644645990236626,0.2286877957827073,0.9745179024621012,1.0000000288972903,4.633247556136974e-08,1.0000000276683754,0.9999998781245993,1.000000192757226,0.5231706466342287,0.11582670557563607,0.5114821327326085,0.22446736620380678,1.1198910322952187,23.617234541424438,6.1932269948179695,23.72481459404652,3.9797803796173667,51.04461056246502,8.059130255027913,2.032655175148931,7.883116189016688,2.721239444527345,25.75851522478945,5.831358224993517,0.13968824377121902,0.4768293822630616,15.558104286396524
0,88,la_normal,la,normal,3852,6.274570806361655,D:\wangshuo\paper4_2\unet_7block_combined_models\unet_7block_combined_0dB_seed88.h5,-2.512520274061895e-07,4.024446803437894e-07,-2.4045519761726834e-07,-1.6745262223769403e-06,1.0582242405600067e-06,5.778854145931401,1.7177639303620782,5.744890176708633,-0.796938974795784,11.892316031437293,0.7072192973571187,0.029466549158184134,0.7073661427327047,0.5006310112788852,0.843902261706519,0.8514223765782107,0.07118577584718286,0.8652992755976936,0.23690133637156138,0.970182048619432,1.0000000288972903,4.633247556136974e-08,1.0000000276683754,0.9999998781245993,1.000000192757226,0.5242232427486415,0.1044778042404201,0.5161257065661008,0.2543221568908559,1.096091850571131,23.617234541424438,6.1932269948179695,23.72481459404652,3.9797803796173667,51.04461056246502,7.91140550314865,2.2280762850651974,7.931043387611024,2.355426857342567,20.529450955142575,5.778854397183428,0.144203079221092,0.4757767861486488,15.705829038275787
0,100,la_normal,la,normal,3852,6.228789360709719,D:\wangshuo\paper4_2\unet_7block_combined_models\unet_7block_combined_0dB_seed100.h5,-2.512520274061895e-07,4.024446803437894e-07,-2.4045519761726834e-07,-1.6745262223769403e-06,1.0582242405600067e-06,5.317055568386193,1.8486050994236958,5.252197777097114,-0.8669424734615462,12.926799693022401,0.7072192973571187,0.029466549158184134,0.7073661427327047,0.5006310112788852,0.843902261706519,0.826055093125873,0.08721200993294273,0.8447199054101839,0.23161344038506881,0.9742511056690998,1.0000000288972903,4.633247556136974e-08,1.0000000276683754,0.9999998781245993,1.000000192757226,0.554466409353327,0.11748409800788102,0.5462483158698668,0.2257667676608803,1.1049614426787926,23.617234541424438,6.1932269948179695,23.72481459404652,3.9797803796173667,51.04461056246502,8.293490671825674,2.2856345813410934,7.986586287307251,2.8818473669339935,24.25921270965995,5.31705581963822,0.11883579576875425,0.4455336195439633,15.323743869598763
0,123,la_normal,la,normal,3852,5.683535082754735,D:\wangshuo\paper4_2\unet_7block_combined_models\unet_7block_combined_0dB_seed123.h5,-2.512520274061895e-07,4.024446803437894e-07,-2.4045519761726834e-07,-1.6745262223769403e-06,1.0582242405600067e-06,5.529513633147661,1.8059167538193694,5.490962789059953,-1.1967181637693682,12.354858270659195,0.7072192973571187,0.029466549158184134,0.7073661427327047,0.5006310112788852,0.843902261706519,0.8402760286681678,0.08474387201146306,0.857744595668216,0.24674835311803028,0.9750092913540714,1.0000000288972903,4.633247556136974e-08,1.0000000276683754,0.9999998781245993,1.000000192757226,0.5406911484128294,0.1147287779798235,0.5314370893781089,0.24113324252401636,1.1477198905154313,23.617234541424438,6.1932269948179695,23.72481459404652,3.9797803796173667,51.04461056246502,8.516948159655367,2.540955632081393,7.967369325575769,2.907100504135683,27.193773807662673,5.529513884399688,0.133056731311049,0.45930888048446095,15.10028638176907
0,256,la_normal,la,normal,3852,5.6245380882175935,D:\wangshuo\paper4_2\unet_7block_combined_models\unet_7block_combined_0dB_seed256.h5,-2.512520274061895e-07,4.024446803437894e-07,-2.4045519761726834e-07,-1.6745262223769403e-06,1.0582242405600067e-06,5.355791062195937,1.874528314389852,5.310654226150213,-0.4364091862954703,12.158168105002778,0.7072192973571187,0.029466549158184134,0.7073661427327047,0.5006310112788852,0.843902261706519,0.831531742859203,0.08686553485086024,0.8504130520252451,0.35645662064713834,0.9696309622652868,1.0000000288972903,4.633247556136974e-08,1.0000000276683754,0.9999998781245993,1.000000192757226,0.5523609221852783,0.11882282779321145,0.5425843818925614,0.2466559490688214,1.051527074557735,23.617234541424438,6.1932269948179695,23.72481459404652,3.9797803796173667,51.04461056246502,8.250726172210333,2.186692848360664,7.90556334853002,2.7877197927629678,24.84492197848987,5.355791313447964,0.1243124455020842,0.447639106712012,15.366508369214104
0,512,la_normal,la,normal,3852,6.302389266637169,D:\wangshuo\paper4_2\unet_7block_combined_models\unet_7block_combined_0dB_seed512.h5,-2.512520274061895e-07,4.024446803437894e-07,-2.4045519761726834e-07,-1.6745262223769403e-06,1.0582242405600067e-06,5.589957481220121,1.9206815158073793,5.574298586604435,-1.013992871308622,12.409232174841328,0.7072192973571187,0.029466549158184134,0.7073661427327047,0.5006310112788852,0.843902261706519,0.8389149474230869,0.0833250066661724,0.8566363951436773,0.24628402228722004,0.9725517931346825,1.0000000288972903,4.633247556136974e-08,1.0000000276683754,0.9999998781245993,1.000000192757226,0.5384386842771225,0.12101313684367505,0.5263626569538156,0.23962845681200143,1.1238274704416336,23.617234541424438,6.1932269948179695,23.72481459404652,3.9797803796173667,51.04461056246502,8.138568889583956,2.2911880908979407,7.868138661133313,2.4347027334765734,25.197408919557493,5.589957732472148,0.13169565006596817,0.46156134462016785,15.478665651840481
0,2024,la_normal,la,normal,3852,5.650538258035647,D:\wangshuo\paper4_2\unet_7block_combined_models\unet_7block_combined_0dB_seed2024.h5,-2.512520274061895e-07,4.024446803437894e-07,-2.4045519761726834e-07,-1.6745262223769403e-06,1.0582242405600067e-06,5.1288825846832165,1.8383255432161314,5.133627981256085,-1.0332695423117095,12.267073593882555,0.7072192973571187,0.029466549158184134,0.7073661427327047,0.5006310112788852,0.843902261706519,0.8194782605069634,0.09011817087808846,0.8398622560739644,0.27888180612510577,0.9710972881443242,1.0000000288972903,4.633247556136974e-08,1.0000000276683754,0.9999998781245993,1.000000192757226,0.5665403500185794,0.12032548284150146,0.5537561982448158,0.24358263273324426,1.1263243601808264,23.617234541424438,6.1932269948179695,23.72481459404652,3.9797803796173667,51.04461056246502,8.409417138349411,2.363683817663887,8.004853147265724,2.4205744508529743,26.59979384972122,5.128882835935244,0.11225896314984463,0.43345967887871095,15.207817403075026
0,7,la_truck,la,truck,3852,6.459885107599179,D:\wangshuo\paper4_2\unet_7block_combined_models\unet_7block_combined_0dB_seed7.h5,-1.3117604336936008e-07,3.6885476121362423e-07,-1.3916795046716297e-07,-1.3802670037919917e-06,1.1738528089412605e-06,5.967020140570538,2.4282074166603063,6.001666903376119,-1.1765419720923844,13.077824725179365,0.7103640614495302,0.04130460153386815,0.7111138434076075,0.37279683762563404,0.9175691914835746,0.8361075538138371,0.1100403717693777,0.8685950416297827,0.0906067315945686,0.9814729630837791,1.0000000150730313,4.246493965977163e-08,1.0000000159786935,0.9999998648077717,1.0000001588668022,0.5230144543878888,0.14689585254176352,0.5010910593589711,0.22187520076854308,1.1450569806161106,20.756218005423094,5.614125130941278,20.808754189516044,4.24003662545707,45.62711037181891,7.936790810734943,2.0799204462309864,7.8687990530756355,2.1862120529220683,21.596339447945336,5.9670202717465815,0.12574349236430682,0.4769855606851424,12.81942719468815
0,19,la_truck,la,truck,3852,6.382729388449752,D:\wangshuo\paper4_2\unet_7block_combined_models\unet_7block_combined_0dB_seed19.h5,-1.3117604336936008e-07,3.6885476121362423e-07,-1.3916795046716297e-07,-1.3802670037919917e-06,1.1738528089412605e-06,5.8977002695790715,2.3628282556706846,5.850147751745751,-1.743886119920862,13.031146957448493,0.7103640614495302,0.04130460153386815,0.7111138434076075,0.37279683762563404,0.9175691914835746,0.8375432653151829,0.10537867926188933,0.8650391067262183,0.04656198577956442,0.9799944217995975,1.0000000150730313,4.246493965977163e-08,1.0000000159786935,0.9999998648077717,1.0000001588668022,0.5260527311334542,0.14318749755096452,0.5099089298677801,0.22307076247485114,1.2223464234169437,20.756218005423094,5.614125130941278,20.808754189516044,4.24003662545707,45.62711037181891,7.871017564316387,2.047905584626735,7.857278938847891,2.5177185006614327,24.282068189818705,5.897700400755115,0.12717920386565262,0.4739472839395771,12.885200441106708
0,42,la_truck,la,truck,3852,6.028628191168146,D:\wangshuo\paper4_2\unet_7block_combined_models\unet_7block_combined_0dB_seed42.h5,-1.3117604336936008e-07,3.6885476121362423e-07,-1.3916795046716297e-07,-1.3802670037919917e-06,1.1738528089412605e-06,5.567589185055218,2.3359303545601335,5.524293459962919,-1.9912888364350332,13.099069789199294,0.7103640614495302,0.04130460153386815,0.7111138434076075,0.37279683762563404,0.9175691914835746,0.8273128144659316,0.11083281513081988,0.8561653234291189,-0.00599138921513546,0.9784721303815015,1.0000000150730313,4.246493965977163e-08,1.0000000159786935,0.9999998648077717,1.0000001588668022,0.5459582951740353,0.1466156040807716,0.5294017145259533,0.22133317306668043,1.257663456515878,20.756218005423094,5.614125130941278,20.808754189516044,4.24003662545707,45.62711037181891,7.86721260128675,2.162723551321254,7.921546672166025,2.3379886239732377,21.014109834613098,5.5675893162312615,0.1169487530164014,0.454041719898996,12.889005404136345
0,66,la_truck,la,truck,3852,6.436677491319527,D:\wangshuo\paper4_2\unet_7block_combined_models\unet_7block_combined_0dB_seed66.h5,-1.3117604336936008e-07,3.6885476121362423e-07,-1.3916795046716297e-07,-1.3802670037919917e-06,1.1738528089412605e-06,6.135449050988927,2.469045360642208,6.227708974391427,-1.8759772219491682,13.529514075834099,0.7103640614495302,0.04130460153386815,0.7111138434076075,0.37279683762563404,0.9175691914835746,0.841941181406026,0.11400746418804163,0.87727423537361,0.007405099794960176,0.9794702870988496,1.0000000150730313,4.246493965977163e-08,1.0000000159786935,0.9999998648077717,1.0000001588668022,0.5140675487354115,0.1514930759188862,0.4882188629998798,0.21063197192760136,1.2410773829546635,20.756218005423094,5.614125130941278,20.808754189516044,4.24003662545707,45.62711037181891,7.892680504531807,2.008168043823751,7.827944602668753,2.564089871327585,23.718757420990325,6.135449182164971,0.1315771199564958,0.4859324663376198,12.863537500891287
0,88,la_truck,la,truck,3852,6.274570806361655,D:\wangshuo\paper4_2\unet_7block_combined_models\unet_7block_combined_0dB_seed88.h5,-1.3117604336936008e-07,3.6885476121362423e-07,-1.3916795046716297e-07,-1.3802670037919917e-06,1.1738528089412605e-06,5.986366739879096,2.2772912525123887,6.003389982836172,-1.8762840105338066,13.691995955758298,0.7103640614495302,0.04130460153386815,0.7111138434076075,0.37279683762563404,0.9175691914835746,0.8453134938121497,0.10163100449701187,0.8722820879423913,0.018498573769281525,0.9803767972030355,1.0000000150730313,4.246493965977163e-08,1.0000000159786935,0.9999998648077717,1.0000001588668022,0.5195778472408457,0.1388583218772595,0.500991664930158,0.20672842672762293,1.2411212190053447,20.756218005423094,5.614125130941278,20.808754189516044,4.24003662545707,45.62711037181891,7.728906834341664,2.32025888521191,7.791423786876614,2.2274239817832804,22.277093537309003,5.986366871055139,0.13494943236261947,0.4804221678321856,13.027311171081429
0,100,la_truck,la,truck,3852,6.228789360709719,D:\wangshuo\paper4_2\unet_7block_combined_models\unet_7block_combined_0dB_seed100.h5,-1.3117604336936008e-07,3.6885476121362423e-07,-1.3916795046716297e-07,-1.3802670037919917e-06,1.1738528089412605e-06,5.643695079535364,2.325628205455612,5.686718420774517,-1.1993501703203429,12.836501908264617,0.7103640614495302,0.04130460153386815,0.7111138434076075,0.37279683762563404,0.9175691914835746,0.826422537744038,0.11095041055703297,0.8581409673750364,0.0742280239694174,0.9770070455210893,1.0000000150730313,4.246493965977163e-08,1.0000000159786935,0.9999998648077717,1.0000001588668022,0.5410460556253589,0.14473447682117066,0.5195939413556538,0.22812606237510136,1.1480677264973629,20.756218005423094,5.614125130941278,20.808754189516044,4.24003662545707,45.62711037181891,8.032540285723915,2.096641394195605,7.915034136164271,2.227974853588124,20.227409781048205,5.643695210711408,0.11605847629450772,0.45895395944767237,12.723677719699179
0,123,la_truck,la,truck,3852,5.683535082754735,D:\wangshuo\paper4_2\unet_7block_combined_models\unet_7block_combined_0dB_seed123.h5,-1.3117604336936008e-07,3.6885476121362423e-07,-1.3916795046716297e-07,-1.3802670037919917e-06,1.1738528089412605e-06,5.638476470489447,2.4325798285664466,5.673602177702877,-2.052459209305001,12.91177085227162,0.7103640614495302,0.04130460153386815,0.7111138434076075,0.37279683762563404,0.9175691914835746,0.8307275866810946,0.11934625398008003,0.8664978110318479,0.002884681840830967,0.9780448633011841,1.0000000150730313,4.246493965977163e-08,1.0000000159786935,0.9999998648077717,1.0000001588668022,0.5433562516779707,0.15428490486477228,0.5203791574857979,0.22615774063473418,1.2665518120923216,20.756218005423094,5.614125130941278,20.808754189516044,4.24003662545707,45.62711037181891,8.173778104838345,2.272189686292662,7.902980741261642,2.8043361674812592,21.852780896403313,5.638476601665491,0.12036352523156435,0.4566437633950605,12.582439900584749
0,256,la_truck,la,truck,3852,5.6245380882175935,D:\wangshuo\paper4_2\unet_7block_combined_models\unet_7block_combined_0dB_seed256.h5,-1.3117604336936008e-07,3.6885476121362423e-07,-1.3916795046716297e-07,-1.3802670037919917e-06,1.1738528089412605e-06,5.6733741807742,2.240385278121392,5.651450024651189,-1.1196648441460102,13.194075068544393,0.7103640614495302,0.04130460153386815,0.7111138434076075,0.37279683762563404,0.9175691914835746,0.8336108608512328,0.10164159572940572,0.8612345674225563,0.13575206461778663,0.9788142714816657,1.0000000150730313,4.246493965977163e-08,1.0000000159786935,0.9999998648077717,1.0000001588668022,0.537745088204361,0.1376425655947937,0.5217080049124636,0.21892544741586667,1.1375833901083978,20.756218005423094,5.614125130941278,20.808754189516044,4.24003662545707,45.62711037181891,8.002942717076873,2.0444054045770077,7.910104322224395,2.2224469433403606,21.02213893762158,5.673374311950243,0.12324679940170258,0.4622549268686703,12.75327528834622
0,512,la_truck,la,truck,3852,6.302389266637169,D:\wangshuo\paper4_2\unet_7block_combined_models\unet_7block_combined_0dB_seed512.h5,-1.3117604336936008e-07,3.6885476121362423e-07,-1.3916795046716297e-07,-1.3802670037919917e-06,1.1738528089412605e-06,5.665071426101946,2.381250436811812,5.678092791839301,-2.0181227500504937,13.251778644975651,0.7103640614495302,0.04130460153386815,0.7111138434076075,0.37279683762563404,0.9175691914835746,0.8299828097134055,0.10876763696108799,0.8594265726187067,0.016237949862043147,0.9770714221935458,1.0000000150730313,4.246493965977163e-08,1.0000000159786935,0.9999998648077717,1.0000001588668022,0.5407090888247232,0.14913466233683326,0.5201101873027836,0.21747586510864103,1.261554850233489,20.756218005423094,5.614125130941278,20.808754189516044,4.24003662545707,45.62711037181891,7.865944539273272,2.215685837670481,7.828027765430843,2.010992033296289,19.8356840494436,5.665071557277989,0.11961874826387531,0.45929092624830803,12.890273466149822
0,2024,la_truck,la,truck,3852,5.650538258035647,D:\wangshuo\paper4_2\unet_7block_combined_models\unet_7block_combined_0dB_seed2024.h5,-1.3117604336936008e-07,3.6885476121362423e-07,-1.3916795046716297e-07,-1.3802670037919917e-06,1.1738528089412605e-06,5.270370006248588,2.2078193095116587,5.283407420565869,-1.2356647257832167,12.977224041706085,0.7103640614495302,0.04130460153386815,0.7111138434076075,0.37279683762563404,0.9175691914835746,0.8130477914267421,0.1143200348866484,0.8437641042643593,0.04546417340481686,0.9753284435025088,1.0000000150730313,4.246493965977163e-08,1.0000000159786935,0.9999998648077717,1.0000001588668022,0.562858748039276,0.14321087270056354,0.5442890885254026,0.2244599168075143,1.1528776936953247,20.756218005423094,5.614125130941278,20.808754189516044,4.24003662545707,45.62711037181891,8.172987357226711,2.192383248176021,7.940137710689102,2.5858441207605236,22.839324537185565,5.2703701374246315,0.10268372997721187,0.4371412670337552,12.583230648196382
5,7,jian_normal,jian,normal,3752,9.369459245277593,D:\wangshuo\paper4_2\unet_7block_combined_models\unet_7block_combined_5dB_seed7.h5,4.999999663569827,4.37802375311088e-07,4.999999669117407,4.999998048221455,5.000001130635291,8.281575037992388,1.6516471963179271,8.214515454722612,2.4881913813642416,14.638404935165894,0.8721353611615228,0.012281140375876255,0.8716064614620911,0.8297263996457442,0.9209628257414255,0.9267397464408231,0.030470055140182806,0.9316148630780628,0.6936822938992031,0.9841413368021802,0.5623413365221885,2.7149765458824353e-08,0.562341336496966,0.5623412464929154,0.5623414280667806,0.3923713180435986,0.07428339151322798,0.3883955122074928,0.1853872032640885,0.7509143855956956,16.137300671049186,4.327107700547241,16.114097924104833,3.2005109639489264,35.167583249291944,8.212530226075854,1.4938167690379613,8.324579223225001,2.4045626768304857,14.542496653356325,3.2815753744225606,0.05460438527930034,0.16997001847858995,7.924770444973332
5,19,jian_normal,jian,normal,3752,9.63329672871563,D:\wangshuo\paper4_2\unet_7block_combined_models\unet_7block_combined_5dB_seed19.h5,4.999999663569827,4.37802375311088e-07,4.999999669117407,4.999998048221455,5.000001130635291,8.545971918524042,1.7524430231668247,8.420512809049978,2.5734026268586803,15.305066113112982,0.8721353611615228,0.012281140375876255,0.8716064614620911,0.8297263996457442,0.9209628257414255,0.9256352033460741,0.031969028301271185,0.9304169694945517,0.694122867604935,0.9861576148908322,0.5623413365221885,2.7149765458824353e-08,0.562341336496966,0.5623412464929154,0.5623414280667806,0.38140709464094863,0.07579753314129425,0.37929257140716444,0.1716906694434378,0.7435836923833214,16.137300671049186,4.327107700547241,16.114097924104833,3.2005109639489264,35.167583249291944,8.459260866897196,1.7665937758360186,8.432793572999508,2.6263557640530384,14.686439407835037,3.545972254954215,0.05349984218455128,0.1809342418812399,7.6780398041519895
5,42,jian_normal,jian,normal,3752,9.219626794287509,D:\wangshuo\paper4_2\unet_7block_combined_models\unet_7block_combined_5dB_seed42.h5,4.999999663569827,4.37802375311088e-07,4.999999669117407,4.999998048221455,5.000001130635291,7.938628666416002,1.4587808838568403,7.927864809241724,2.133558561043295,13.692802637133878,0.8721353611615228,0.012281140375876255,0.8716064614620911,0.8297263996457442,0.9209628257414255,0.9167167595137322,0.030873851031363208,0.9219560030180493,0.6347241612575406,0.9801018394308443,0.5623413365221885,2.7149765458824353e-08,0.562341336496966,0.5623412464929154,0.5623414280667806,0.40660769882909603,0.06859842027038714,0.4014271593899585,0.20670922930756425,0.7822076635340427,16.137300671049186,4.327107700547241,16.114097924104833,3.2005109639489264,35.167583249291944,8.253302949874909,1.4129078347376882,8.380671372803267,2.4335909912605107,13.83267983512087,2.9386290028461746,0.04458139835220942,0.1557336376930925,7.883997721174277
5,66,jian_normal,jian,normal,3752,9.277163879528636,D:\wangshuo\paper4_2\unet_7block_combined_models\unet_7block_combined_5dB_seed66.h5,4.999999663569827,4.37802375311088e-07,4.999999669117407,4.999998048221455,5.000001130635291,8.022127218849462,1.5203722950871348,8.000795654088746,1.8506375859246278,14.032247543503773,0.8721353611615228,0.012281140375876255,0.8716064614620911,0.8297263996457442,0.9209628257414255,0.9150719789765825,0.032517055017036195,0.9202802748342532,0.6004858852989409,0.9814468137135327,0.5623413365221885,2.7149765458824353e-08,0.562341336496966,0.5623412464929154,0.5623414280667806,0.40318992650239927,0.07065642508422192,0.39807067877750085,0.19878683650974846,0.808105599683195,16.137300671049186,4.327107700547241,16.114097924104833,3.2005109639489264,35.167583249291944,7.99533100517468,1.0810039620858463,8.113866034200228,2.769285317159266,16.21050972811602,3.022127555279635,0.04293661781505975,0.15915141001978927,8.141969665874505
5,88,jian_normal,jian,normal,3752,9.547629428751646,D:\wangshuo\paper4_2\unet_7block_combined_models\unet_7block_combined_5dB_seed88.h5,4.999999663569827,4.37802375311088e-07,4.999999669117407,4.999998048221455,5.000001130635291,8.465961490059277,1.6172942412755689,8.415829033774557,2.5353198936231474,14.122332029681484,0.8721353611615228,0.012281140375876255,0.8716064614620911,0.8297263996457442,0.9209628257414255,0.9226278286760311,0.032096230676560936,0.9276711923445353,0.6646819459384038,0.9814920327428724,0.5623413365221885,2.7149765458824353e-08,0.562341336496966,0.5623412464929154,0.5623414280667806,0.3838975131337369,0.0720091726149401,0.37949716328622457,0.19673577327222952,0.7468510546344524,16.137300671049186,4.327107700547241,16.114097924104833,3.2005109639489264,35.167583249291944,7.684130701200156,1.2719749371137017,7.791262379227712,2.601229878249091,13.217235087981711,3.4659618264894494,0.05049246751450831,0.17844382338845166,8.453169969849029
5,100,jian_normal,jian,normal,3752,9.36563213341277,D:\wangshuo\paper4_2\unet_7block_combined_models\unet_7block_combined_5dB_seed100.h5,4.999999663569827,4.37802375311088e-07,4.999999669117407,4.999998048221455,5.000001130635291,7.845123267212607,1.7840088707427317,7.703241447309915,1.7878140869658816,14.98907375136919,0.8721353611615228,0.012281140375876255,0.8716064614620911,0.8297263996457442,0.9209628257414255,0.9168642300270855,0.03623047534096716,0.9223614723408247,0.6184962706338646,0.9845224787552429,0.5623413365221885,2.7149765458824353e-08,0.562341336496966,0.5623412464929154,0.5623414280667806,0.41372706631165007,0.08327738303588056,0.4119437450368727,0.17805177688335228,0.813971673040065,16.137300671049186,4.327107700547241,16.114097924104833,3.2005109639489264,35.167583249291944,7.717186806238089,1.1646662915276482,7.666713958928161,2.3934009864040666,14.64515555964651,2.8451236036427794,0.04472886886556271,0.14861427021053847,8.420113864811096
5,123,jian_normal,jian,normal,3752,9.468040637895,D:\wangshuo\paper4_2\unet_7block_combined_models\unet_7block_combined_5dB_seed123.h5,4.999999663569827,4.37802375311088e-07,4.999999669117407,4.999998048221455,5.000001130635291,8.429346428434664,1.6376414418278078,8.329894133461037,3.0391690545419476,14.500689481687557,0.8721353611615228,0.012281140375876255,0.8716064614620911,0.8297263996457442,0.9209628257414255,0.9289945373477995,0.02878201991462773,0.9329438978551822,0.7382063998714283,0.9835084928038003,0.5623413365221885,2.7149765458824353e-08,0.562341336496966,0.5623412464929154,0.5623414280667806,0.3855610540132456,0.07122973653148254,0.3832703985087992,0.18834995700709278,0.7047604630666365,16.137300671049186,4.327107700547241,16.114097924104833,3.2005109639489264,35.167583249291944,8.220017731393483,1.2952087212678314,8.355134217683688,2.1586120697523956,15.745328271147597,3.429346764864837,0.05685917618627667,0.17678028250894295,7.917282939655703
5,256,jian_normal,jian,normal,3752,9.174409133101124,D:\wangshuo\paper4_2\unet_7block_combined_models\unet_7block_combined_5dB_seed256.h5,4.999999663569827,4.37802375311088e-07,4.999999669117407,4.999998048221455,5.000001130635291,7.687306302684355,1.6029162588120716,7.638916696513482,1.4247949832264166,13.656226355978337,0.8721353611615228,0.012281140375876255,0.8716064614620911,0.8297263996457442,0.9209628257414255,0.9087888338329391,0.03694826988857865,0.9146341260342374,0.5463747834789848,0.9826252057366636,0.5623413365221885,2.7149765458824353e-08,0.562341336496966,0.5623412464929154,0.5623414280667806,0.4197089139218405,0.0769590979270443,0.41500579002471627,0.20758151718425388,0.8487118138881767,16.137300671049186,4.327107700547241,16.114097924104833,3.2005109639489264,35.167583249291944,7.63232565723937,1.0249504513911396,7.729108440549642,2.4286503245144813,15.108284449739234,2.687306639114528,0.036653472671416276,0.14263242260034803,8.504975013809815
5,512,jian_normal,jian,normal,3752,9.306503289891726,D:\wangshuo\paper4_2\unet_7block_combined_models\unet_7block_combined_5dB_seed512.h5,4.999999663569827,4.37802375311088e-07,4.999999669117407,4.999998048221455,5.000001130635291,7.949689314742647,1.7053355934446215,7.877473342481908,1.4986445021972807,14.622108147210586,0.8721353611615228,0.012281140375876255,0.8716064614620911,0.8297263996457442,0.9209628257414255,0.9117738564730778,0.037058384429400446,0.9176942840363066,0.54664996993019,0.9835492906804465,0.5623413365221885,2.7149765458824353e-08,0.562341336496966,0.5623412464929154,0.5623414280667806,0.40810318953593644,0.07927725478781393,0.40376278883675626,0.185735360114576,0.8415264510288384,16.137300671049186,4.327107700547241,16.114097924104833,3.2005109639489264,35.167583249291944,8.15835413652016,1.2970566415248024,8.274677073092363,2.6960925005580836,14.862149343532414,2.94968965117282,0.039638495311555055,0.1542381469862521,7.978946534529026
5,2024,jian_normal,jian,normal,3752,9.258616511855116,D:\wangshuo\paper4_2\unet_7block_combined_models\unet_7block_combined_5dB_seed2024.h5,4.999999663569827,4.37802375311088e-07,4.999999669117407,4.999998048221455,5.000001130635291,8.466459979187452,1.5347843595595205,8.418486501765408,3.113349737443978,14.565840822527246,0.8721353611615228,0.012281140375876255,0.8716064614620911,0.8297263996457442,0.9209628257414255,0.9243620704239868,0.029452181878457887,0.9286572123593382,0.7245622702999461,0.983215992715244,0.5623413365221885,2.7149765458824353e-08,0.562341336496966,0.5623412464929154,0.5623414280667806,0.3831746924532024,0.0675177816669727,0.3793810772048464,0.18694246218578534,0.6987671782821206,16.137300671049186,4.327107700547241,16.114097924104833,3.2005109639489264,35.167583249291944,7.510249144240023,1.0074073648727815,7.577173157620077,2.401097252784392,15.564453040118778,3.466460315617624,0.05222670926246398,0.17916664406898614,8.627051526809161
5,7,jian_truck,jian,truck,3752,9.369459245277593,D:\wangshuo\paper4_2\unet_7block_combined_models\unet_7block_combined_5dB_seed7.h5,4.999999768335825,4.062876647606097e-07,4.999999761549105,4.999998356974451,5.000001083349214,7.969057119501456,1.5760039430533561,7.974798780540211,2.341327675009701,14.649174897530372,0.8745318700099904,0.014745916069495347,0.8735681302611733,0.828587914535766,0.9437295114255099,0.9150129887259564,0.03288631282694235,0.921316728434067,0.6685575117061346,0.9827746460202361,0.5623413297394344,2.4940325794131185e-08,0.562341330538364,0.5623412470193594,0.5623414031021464,0.40608676476886874,0.07320679222482854,0.3992639016208037,0.1851574772036369,0.7637190182765016,13.70187914227997,3.5864150299885353,13.316914775097619,3.325444664518168,31.516970683538887,8.345793764443503,1.7740590401893745,8.571978381980259,2.0128867853550685,14.492253686073628,2.969057351165631,0.040481118715965936,0.15625456497056567,5.356085377836468
5,19,jian_truck,jian,truck,3752,9.63329672871563,D:\wangshuo\paper4_2\unet_7block_combined_models\unet_7block_combined_5dB_seed19.h5,4.999999768335825,4.062876647606097e-07,4.999999761549105,4.999998356974451,5.000001083349214,8.440065841831483,1.6299941447837265,8.427488940858806,2.067469323398818,14.72930677839933,0.8745318700099904,0.014745916069495347,0.8735681302611733,0.828587914535766,0.9437295114255099,0.9211697153062275,0.03245091109445908,0.9271577402954196,0.6181153070181626,0.9838204481771043,0.5623413297394344,2.4940325794131185e-08,0.562341330538364,0.5623412470193594,0.5623414031021464,0.38511979855811346,0.07235120398680879,0.37898804946418785,0.18345715464331777,0.788182032873189,13.70187914227997,3.5864150299885353,13.316914775097619,3.325444664518168,31.516970683538887,8.605082658060146,2.067597823359305,8.622067173349762,1.991487202152789,14.719704255750942,3.4400660734956583,0.046637845296237046,0.17722153118132095,5.096796484219825
5,42,jian_truck,jian,truck,3752,9.219626794287509,D:\wangshuo\paper4_2\unet_7block_combined_models\unet_7block_combined_5dB_seed42.h5,4.999999768335825,4.062876647606097e-07,4.999999761549105,4.999998356974451,5.000001083349214,7.945563248566802,1.5555649375861176,7.987446490728094,2.434471480803524,15.19604825822512,0.8745318700099904,0.014745916069495347,0.8735681302611733,0.828587914535766,0.9437295114255099,0.9132922311210001,0.034558932058573015,0.9204785995478708,0.6609277208136495,0.9858636157929216,0.5623413297394344,2.4940325794131185e-08,0.562341330538364,0.5623412470193594,0.5623414031021464,0.40707935284909674,0.07348628397981964,0.39868292162096924,0.17385916390369974,0.755572981459585,13.70187914227997,3.5864150299885353,13.316914775097619,3.325444664518168,31.516970683538887,8.347838145956345,1.6321281270650203,8.575398205002347,1.5747135690290055,14.216266608705569,2.9455634802309767,0.03876036111100967,0.15526197689033766,5.354040996323626
5,66,jian_truck,jian,truck,3752,9.277163879528636,D:\wangshuo\paper4_2\unet_7block_combined_models\unet_7block_combined_5dB_seed66.h5,4.999999768335825,4.062876647606097e-07,4.999999761549105,4.999998356974451,5.000001083349214,8.061355448859814,1.6680648639505362,8.075838017514785,2.116698861856437,16.0982504335542,0.8745318700099904,0.014745916069495347,0.8735681302611733,0.828587914535766,0.9437295114255099,0.9139622562312457,0.03638919730984709,0.9210444125936186,0.6214158112064715,0.9883383418012048,0.5623413297394344,2.4940325794131185e-08,0.562341330538364,0.5623412470193594,0.5623414031021464,0.40262368496262985,0.07751973939117868,0.3946463317116309,0.15670666852379483,0.7837274380896324,13.70187914227997,3.5864150299885353,13.316914775097619,3.325444664518168,31.516970683538887,8.015320610775396,1.2061093965997558,8.195126415584955,2.1455564704867824,13.965596464362111,3.061355680523989,0.039430386221255276,0.15971764477680456,5.686558531504575
5,88,jian_truck,jian,truck,3752,9.547629428751646,D:\wangshuo\paper4_2\unet_7block_combined_models\unet_7block_combined_5dB_seed88.h5,4.999999768335825,4.062876647606097e-07,4.999999761549105,4.999998356974451,5.000001083349214,8.365532484339091,1.6521056391756885,8.373989287381034,2.319588714744011,15.190593978932526,0.8745318700099904,0.014745916069495347,0.8735681302611733,0.828587914535766,0.9437295114255099,0.9212970756934563,0.03361106070689851,0.9280178381428192,0.653721211104423,0.9848819168597551,0.5623413297394344,2.4940325794131185e-08,0.562341330538364,0.5623412470193594,0.5623414031021464,0.3886415257050301,0.07434296684233817,0.381329562418049,0.1739683660094357,0.7656328529631841,13.70187914227997,3.5864150299885353,13.316914775097619,3.325444664518168,31.516970683538887,7.710355170508229,1.5231374819261627,7.717026920053522,2.0100729033427696,12.998705785511733,3.3655327160032664,0.04676520568346587,0.17369980403440433,5.991523971771742
5,100,jian_truck,jian,truck,3752,9.36563213341277,D:\wangshuo\paper4_2\unet_7block_combined_models\unet_7block_combined_5dB_seed100.h5,4.999999768335825,4.062876647606097e-07,4.999999761549105,4.999998356974451,5.000001083349214,8.034673151017314,1.6821072397597843,8.033785801372318,2.0230559580593432,15.040442186990875,0.8745318700099904,0.014745916069495347,0.8735681302611733,0.828587914535766,0.9437295114255099,0.9165851313772835,0.03556844771772628,0.9236749249080947,0.631167100302079,0.9852066889707503,0.5623413297394344,2.4940325794131185e-08,0.562341330538364,0.5623412470193594,0.5623414031021464,0.40398228629424804,0.07834927276597291,0.39656164048720444,0.177001884541956,0.792222537508482,13.70187914227997,3.5864150299885353,13.316914775097619,3.325444664518168,31.516970683538887,7.609572793186396,1.3322406913860805,7.536865780687209,2.2207187382840554,14.934279435874256,3.034673382681489,0.04205326136729304,0.15835904344518636,6.092306349093575
5,123,jian_truck,jian,truck,3752,9.468040637895,D:\wangshuo\paper4_2\unet_7block_combined_models\unet_7block_combined_5dB_seed123.h5,4.999999768335825,4.062876647606097e-07,4.999999761549105,4.999998356974451,5.000001083349214,7.973294289436179,1.5524470306141298,7.9318907336339155,2.3783090115695686,14.939120198129537,0.8745318700099904,0.014745916069495347,0.8735681302611733,0.828587914535766,0.9437295114255099,0.9140644379586382,0.032321503656681745,0.9191639006178175,0.6584529595772252,0.9844905917707646,0.5623413297394344,2.4940325794131185e-08,0.562341330538364,0.5623412470193594,0.5623414031021464,0.40566825716063226,0.07158067336896107,0.40124113194257455,0.1790787234057083,0.7604743066602951,13.70187914227997,3.5864150299885353,13.316914775097619,3.325444664518168,31.516970683538887,8.274826005983577,1.5429461313961912,8.429617639309772,1.6087866609484578,13.755905918691253,2.973294521100354,0.03953256794864779,0.15667307257880214,5.427053136296394
5,256,jian_truck,jian,truck,3752,9.174409133101124,D:\wangshuo\paper4_2\unet_7block_combined_models\unet_7block_combined_5dB_seed256.h5,4.999999768335825,4.062876647606097e-07,4.999999761549105,4.999998356974451,5.000001083349214,7.6087246707628235,1.7037997517003272,7.5663155928498576,2.226915964439057,15.070599760538885,0.8745318700099904,0.014745916069495347,0.8735681302611733,0.828587914535766,0.9437295114255099,0.9102160613673793,0.03916875227101679,0.9177155329334085,0.6436266441753332,0.9846710764304485,0.5623413297394344,2.4940325794131185e-08,0.562341330538364,0.5623412470193594,0.5623414031021464,0.4244293757040578,0.08247106294081051,0.41848915303835,0.1763883962788512,0.773845383512239,13.70187914227997,3.5864150299885353,13.316914775097619,3.325444664518168,31.516970683538887,7.488178442598098,1.0773565393328401,7.658418349962606,2.382157418184438,14.529473304911251,2.6087249024269985,0.03568419135738887,0.1379119540353766,6.213700699681873
5,512,jian_truck,jian,truck,3752,9.306503289891726,D:\wangshuo\paper4_2\unet_7block_combined_models\unet_7block_combined_5dB_seed512.h5,4.999999768335825,4.062876647606097e-07,4.999999761549105,4.999998356974451,5.000001083349214,7.953218188515327,1.7407253439347865,7.955895110259453,1.8690250769510608,15.497705347146356,0.8745318700099904,0.014745916069495347,0.8735681302611733,0.828587914535766,0.9437295114255099,0.9129532020872617,0.03793168443880356,0.9208134071722716,0.593704418928037,0.9862927364662201,0.5623413297394344,2.4940325794131185e-08,0.562341330538364,0.5623412470193594,0.5623414031021464,0.4082927947734827,0.08148497000111841,0.40013379444517766,0.16792475845716187,0.8063966994758931,13.70187914227997,3.5864150299885353,13.316914775097619,3.325444664518168,31.516970683538887,8.2370940581188,1.5058849295155259,8.443748375665503,2.100639266138486,15.815721528442271,2.9532184201795015,0.038421332077271275,0.15404853496595172,5.464785084161171
5,2024,jian_truck,jian,truck,3752,9.258616511855116,D:\wangshuo\paper4_2\unet_7block_combined_models\unet_7block_combined_5dB_seed2024.h5,4.999999768335825,4.062876647606097e-07,4.999999761549105,4.999998356974451,5.000001083349214,7.877218551566202,1.5232110724217844,7.879166718541885,2.9818688288720523,14.403134936163957,0.8745318700099904,0.014745916069495347,0.8735681302611733,0.828587914535766,0.9437295114255099,0.9109274677543222,0.03394047649995503,0.9170842486036046,0.7091246700372641,0.9833389347230554,0.5623413297394344,2.4940325794131185e-08,0.562341330538364,0.5623412470193594,0.5623414031021464,0.4099829224292503,0.07171296538090843,0.4036841150997397,0.19047730868232218,0.7094251054164903,13.70187914227997,3.5864150299885353,13.316914775097619,3.325444664518168,31.516970683538887,7.394480257793885,1.055619652028657,7.499667441052692,1.6446017680534675,14.229459092965337,2.8772187832303766,0.036395597744331765,0.15235840731018413,6.307398884486086
5,7,la_normal,la,normal,3852,9.369459245277593,D:\wangshuo\paper4_2\unet_7block_combined_models\unet_7block_combined_5dB_seed7.h5,4.9999997949182475,4.125290302906011e-07,4.999999792980292,4.999998470976539,5.000001238798635,8.812772411910561,1.6474686666816827,8.79224243937923,3.0207474445026543,15.81454645274615,0.8723300529584782,0.009623597671535488,0.871901712294994,0.8287088639145062,0.9253901660785234,0.9290679450059266,0.029711105517249387,0.9343588130156721,0.7099862277194045,0.9870391179041291,0.5623413377860477,2.6697038612412513e-08,0.5623413379188062,0.562341243754079,0.5623414241435774,0.3690981434545601,0.07038516383571776,0.36340247107303825,0.16190962878693393,0.7062567756466311,19.270799828249626,5.936820265805566,19.27851090847025,2.418722799389448,46.32858580632982,7.280229819566756,2.197315687819003,7.303255571310697,1.9815928254011888,22.19286620704526,3.812772616992314,0.05673789204744839,0.19324319433148757,11.99057000868287
5,19,la_normal,la,normal,3852,9.63329672871563,D:\wangshuo\paper4_2\unet_7block_combined_models\unet_7block_combined_5dB_seed19.h5,4.9999997949182475,4.125290302906011e-07,4.999999792980292,4.999998470976539,5.000001238798635,9.288182152809638,1.6401232146390026,9.223711268429852,2.907943441241544,16.513241913773843,0.8723300529584782,0.009623597671535488,0.871901712294994,0.8287088639145062,0.9253901660785234,0.9361257240702163,0.026601174941337607,0.9400860330428547,0.7254712077844269,0.9888319811484819,0.5623413377860477,2.6697038612412513e-08,0.5623413379188062,0.562341243754079,0.5623414241435774,0.34937139140188783,0.06621040351395409,0.3457915969312756,0.14939563338643816,0.7154887798872798,19.270799828249626,5.936820265805566,19.27851090847025,2.418722799389448,46.32858580632982,7.2068134189914685,2.1593640896094697,7.255292203999919,2.226280703452983,20.807430729685766,4.28818235789139,0.06379567111173812,0.21296994638415984,12.063986409258156
5,42,la_normal,la,normal,3852,9.219626794287509,D:\wangshuo\paper4_2\unet_7block_combined_models\unet_7block_combined_5dB_seed42.h5,4.9999997949182475,4.125290302906011e-07,4.999999792980292,4.999998470976539,5.000001238798635,8.361450973623462,1.7998893726940806,8.517542892679252,1.3980541618315097,15.354007148038617,0.8723300529584782,0.009623597671535488,0.871901712294994,0.8287088639145062,0.9253901660785234,0.9192635976061106,0.03907413759929842,0.9292015687242219,0.5549122202534676,0.9854559297319336,0.5623413377860477,2.6697038612412513e-08,0.5623413379188062,0.562341243754079,0.5623414241435774,0.3903228280086138,0.08402669414175161,0.37507909169781245,0.17072599098240024,0.8513287339681626,19.270799828249626,5.936820265805566,19.27851090847025,2.418722799389448,46.32858580632982,7.44657100261612,2.2292141950539643,7.328351037637269,2.291565086203335,23.601462658785927,3.361451178705215,0.04693354464763244,0.17201850977743388,11.824228825633504
5,66,la_normal,la,normal,3852,9.277163879528636,D:\wangshuo\paper4_2\unet_7block_combined_models\unet_7block_combined_5dB_seed66.h5,4.9999997949182475,4.125290302906011e-07,4.999999792980292,4.999998470976539,5.000001238798635,8.211165100038226,1.8268069548525445,8.269243843055818,1.9186699684176203,15.786397838730142,0.8723300529584782,0.009623597671535488,0.871901712294994,0.8287088639145062,0.9253901660785234,0.9156102847020696,0.04101063873403589,0.9250779815421775,0.6025621007330736,0.9870782655660232,0.5623413377860477,2.6697038612412513e-08,0.5623413379188062,0.562341243754079,0.5623414241435774,0.397292996073679,0.08545910446995265,0.38595600972909755,0.16243518511388003,0.8018008297356761,19.270799828249626,5.936820265805566,19.27851090847025,2.418722799389448,46.32858580632982,7.615048799608104,2.188319746311889,7.356776472465555,2.3297889719187905,23.853035724076392,3.2111653051199784,0.04328023174359141,0.16504834171236865,11.655751028641522
5,88,la_normal,la,normal,3852,9.547629428751646,D:\wangshuo\paper4_2\unet_7block_combined_models\unet_7block_combined_5dB_seed88.h5,4.9999997949182475,4.125290302906011e-07,4.999999792980292,4.999998470976539,5.000001238798635,8.668671709150669,1.7058359355342438,8.689959893266032,2.4376885310077574,15.410233632711414,0.8723300529584782,0.009623597671535488,0.871901712294994,0.8287088639145062,0.9253901660785234,0.925072414849326,0.033914362039338695,0.9318114984041235,0.6561237635565058,0.9859420735674661,0.5623413377860477,2.6697038612412513e-08,0.5623413379188062,0.562341243754079,0.5623414241435774,0.3758270560604332,0.075385777960006,0.3677070907810238,0.16962439748403846,0.7552931972617152,19.270799828249626,5.936820265805566,19.27851090847025,2.418722799389448,46.32858580632982,7.180930096508121,2.178362634264819,7.323739394706997,2.074283513083858,20.74227617273126,3.668671914232421,0.0527423618908478,0.18651428172561446,12.089869731741505
5,100,la_normal,la,normal,3852,9.36563213341277,D:\wangshuo\paper4_2\unet_7block_combined_models\unet_7block_combined_5dB_seed100.h5,4.9999997949182475,4.125290302906011e-07,4.999999792980292,4.999998470976539,5.000001238798635,8.541553749306459,1.9006436283991455,8.56338034081088,1.9696816852851047,15.742286195255055,0.8723300529584782,0.009623597671535488,0.871901712294994,0.8287088639145062,0.9253901660785234,0.9219075811440293,0.03911481373623207,0.930535511969381,0.6219936617233223,0.9872262361523808,0.5623413377860477,2.6697038612412513e-08,0.5623413379188062,0.562341243754079,0.5623414241435774,0.38311969747613467,0.08512876795212361,0.37310492581809185,0.16326221695526036,0.7971057018516305,19.270799828249626,5.936820265805566,19.27851090847025,2.418722799389448,46.32858580632982,7.4276244564314595,2.1693532439919228,7.369776375123393,2.153414267591697,21.51860016261936,3.5415539543882115,0.049577528185551056,0.179221640309913,11.843175371818166
5,123,la_normal,la,normal,3852,9.468040637895,D:\wangshuo\paper4_2\unet_7block_combined_models\unet_7block_combined_5dB_seed123.h5,4.9999997949182475,4.125290302906011e-07,4.999999792980292,4.999998470976539,5.000001238798635,9.18511392456304,1.718514922720889,9.112668078526568,3.162710424060377,15.418209325901401,0.8723300529584782,0.009623597671535488,0.871901712294994,0.8287088639145062,0.9253901660785234,0.9345457538034068,0.02889161672522122,0.9388385988512229,0.7201146140143246,0.9887586624225284,0.5623413377860477,2.6697038612412513e-08,0.5623413379188062,0.562341243754079,0.5623414241435774,0.3541504880373568,0.07028936725432969,0.35024068696289656,0.16946871383630005,0.6948074697055339,19.270799828249626,5.936820265805566,19.27851090847025,2.418722799389448,46.32858580632982,7.3756951002295725,2.189352237268182,7.3079122074864244,2.014816201090989,22.989326259029568,4.185114129644793,0.062215700844928556,0.20819084974869084,11.895104728020053
5,256,la_normal,la,normal,3852,9.174409133101124,D:\wangshuo\paper4_2\unet_7block_combined_models\unet_7block_combined_5dB_seed256.h5,4.9999997949182475,4.125290302906011e-07,4.999999792980292,4.999998470976539,5.000001238798635,8.134482953033828,2.030005113794194,8.279467420447881,1.927146329082286,16.452900929981745,0.8723300529584782,0.009623597671535488,0.871901712294994,0.8287088639145062,0.9253901660785234,0.911743464276976,0.048660910584116424,0.9248844853087975,0.6027471982835575,0.9888007755788651,0.5623413377860477,2.6697038612412513e-08,0.5623413379188062,0.562341243754079,0.5623414241435774,0.4029931994098758,0.0973812183875708,0.3855019939551548,0.15043710007196137,0.8010187523443739,19.270799828249626,5.936820265805566,19.27851090847025,2.418722799389448,46.32858580632982,7.622918826956199,2.291809242383628,7.359915677611237,2.245347588534783,23.79025240340038,3.1344831581155805,0.03941341131849774,0.15934813837617184,11.647881001293428
5,512,la_normal,la,normal,3852,9.306503289891726,D:\wangshuo\paper4_2\unet_7block_combined_models\unet_7block_combined_5dB_seed512.h5,4.9999997949182475,4.125290302906011e-07,4.999999792980292,4.999998470976539,5.000001238798635,8.609597530420785,1.717005516288113,8.634532602920906,2.1930549641445527,16.440774231979315,0.8723300529584782,0.009623597671535488,0.871901712294994,0.8287088639145062,0.9253901660785234,0.9240716680428507,0.03401176307436054,0.930866896041015,0.6331456923400202,0.9890678139736679,0.5623413377860477,2.6697038612412513e-08,0.5623413379188062,0.562341243754079,0.5623414241435774,0.3784444940741761,0.0757117338035109,0.37006104262577244,0.1506472776639177,0.7768680335183219,19.270799828249626,5.936820265805566,19.27851090847025,2.418722799389448,46.32858580632982,7.399464376936295,2.182194377537628,7.410811452163836,2.159369854334942,22.053897927667983,3.609597735502538,0.05174161508437247,0.1838968437118716,11.871335451313332
5,2024,la_normal,la,normal,3852,9.258616511855116,D:\wangshuo\paper4_2\unet_7block_combined_models\unet_7block_combined_5dB_seed2024.h5,4.9999997949182475,4.125290302906011e-07,4.999999792980292,4.999998470976539,5.000001238798635,8.772359638983266,1.6162053357203356,8.772399665289111,2.036623422946434,15.062427667562945,0.8723300529584782,0.009623597671535488,0.871901712294994,0.8287088639145062,0.9253901660785234,0.9290380499074394,0.031013218328271388,0.9346385332895127,0.6388447422745206,0.9848372554284069,0.5623413377860477,2.6697038612412513e-08,0.5623413379188062,0.562341243754079,0.5623414241435774,0.37063084676853963,0.07044844695004884,0.36423360800721755,0.17655442891520465,0.7909860583711094,19.270799828249626,5.936820265805566,19.27851090847025,2.418722799389448,46.32858580632982,7.550854419498571,2.2219176195376047,7.38907323062318,2.1368644804877417,25.015828534383047,3.7723598440650186,0.056707996948961226,0.19171049101750803,11.719945408751055
5,7,la_truck,la,truck,3852,9.369459245277593,D:\wangshuo\paper4_2\unet_7block_combined_models\unet_7block_combined_5dB_seed7.h5,4.999999909810923,3.8228402967596984e-07,4.999999907335734,4.9999986680593915,5.0000011416617784,8.575245605849629,2.1650400008493307,8.477814474345195,2.166852830532936,15.69815861611149,0.8744467654922887,0.013186373170172455,0.8738582188579829,0.8282367194452684,0.9591308761066644,0.9192493903203719,0.04206755277327942,0.9279211969358572,0.6340599948635098,0.9865809885703446,0.5623413303476731,2.4727288112772583e-08,0.56234133065271,0.5623412512255369,0.5623414108330038,0.38411406556515304,0.09408301889565616,0.3767985945759017,0.1640937608253906,0.7792150969054878,16.542252754311654,5.3158412920406874,16.477334688116024,2.5579319622544747,40.957629940575856,6.98453050533142,2.181623878974309,7.230208083086429,1.6953869821686642,20.309268504180594,3.5752456960387056,0.04480262482808317,0.17822726478252005,9.557722248980234
5,19,la_truck,la,truck,3852,9.63329672871563,D:\wangshuo\paper4_2\unet_7block_combined_models\unet_7block_combined_5dB_seed19.h5,4.999999909810923,3.8228402967596984e-07,4.999999907335734,4.9999986680593915,5.0000011416617784,8.90174645598637,2.0630724146999126,8.77630940178209,3.0898218208394694,15.848885617110097,0.8744467654922887,0.013186373170172455,0.8738582188579829,0.8282367194452684,0.9591308761066644,0.926179277166008,0.0357908714469695,0.9326104855226001,0.7167849464534972,0.9886495206213839,0.5623413303476731,2.4727288112772583e-08,0.56234133065271,0.5623412512255369,0.5623414108330038,0.3689016246260673,0.08586742376926271,0.36406969387465626,0.16127079046986936,0.7006625551437904,16.542252754311654,5.3158412920406874,16.477334688116024,2.5579319622544747,40.957629940575856,7.00323345292703,2.157587567901031,7.2372427007254085,1.7315180790820452,19.26604817280235,3.9017465461754464,0.051732511673719284,0.1934397057216058,9.539019301384624
5,42,la_truck,la,truck,3852,9.219626794287509,D:\wangshuo\paper4_2\unet_7block_combined_models\unet_7block_combined_5dB_seed42.h5,4.999999909810923,3.8228402967596984e-07,4.999999907335734,4.9999986680593915,5.0000011416617784,8.400076082409713,2.416386853604139,8.327564133540585,2.089143702472567,15.526640681860469,0.8744467654922887,0.013186373170172455,0.8738582188579829,0.8282367194452684,0.9591308761066644,0.9137340851535402,0.050361874712273186,0.9255444537655774,0.6606692880074954,0.9871708999900543,0.5623413303476731,2.4727288112772583e-08,0.56234133065271,0.5623412512255369,0.5623414108330038,0.3948810726223387,0.10812611569589164,0.38337323822841146,0.1673662805865629,0.7862176962018572,16.542252754311654,5.3158412920406874,16.477334688116024,2.5579319622544747,40.957629940575856,7.0949701520223245,2.0762945806756723,7.232098475934754,1.9495302869304822,20.79494554170317,3.40007617259879,0.03928731966125143,0.1674602577253344,9.44728260228933
5,66,la_truck,la,truck,3852,9.277163879528636,D:\wangshuo\paper4_2\unet_7block_combined_models\unet_7block_combined_5dB_seed66.h5,4.999999909810923,3.8228402967596984e-07,4.999999907335734,4.9999986680593915,5.0000011416617784,8.277712308741085,2.4576430741240807,8.230866952906274,1.797230191387613,15.975562236525949,0.8744467654922887,0.013186373170172455,0.8738582188579829,0.8282367194452684,0.9591308761066644,0.9099168373261171,0.05551971318252316,0.9239822199241954,0.5883974494066566,0.9877179195702844,0.5623413303476731,2.4727288112772583e-08,0.56234133065271,0.5623412512255369,0.5623414108330038,0.4011303878322625,0.11302597966332555,0.3876650518872462,0.1589358568470924,0.8130897574680354,16.542252754311654,5.3158412920406874,16.477334688116024,2.5579319622544747,40.957629940575856,7.301422930786832,2.001334263512179,7.299873331394575,2.1458752338118083,20.428334452234242,3.277712398930162,0.03547007183382833,0.16121094251541057,9.240829823524823
5,88,la_truck,la,truck,3852,9.547629428751646,D:\wangshuo\paper4_2\unet_7block_combined_models\unet_7block_combined_5dB_seed88.h5,4.999999909810923,3.8228402967596984e-07,4.999999907335734,4.9999986680593915,5.0000011416617784,8.698069679046387,2.336476616011146,8.620171933562592,2.544425350542646,16.35234482156321,0.8744467654922887,0.013186373170172455,0.8738582188579829,0.8282367194452684,0.9591308761066644,0.9200875442462451,0.04650949125222625,0.9306534440985247,0.6659163754348862,0.9898355644722128,0.5623413303476731,2.4727288112772583e-08,0.56234133065271,0.5623412512255369,0.5623414108330038,0.38073583968429414,0.1020612406248383,0.37067338425159263,0.15218882275897386,0.7460685486903393,16.542252754311654,5.3158412920406874,16.477334688116024,2.5579319622544747,40.957629940575856,6.965879102417447,2.1304892678589935,7.20822768033123,1.6476425898885132,19.19836909868643,3.698069769235464,0.045640778753956335,0.18160549066337894,9.576373651894208
5,100,la_truck,la,truck,3852,9.36563213341277,D:\wangshuo\paper4_2\unet_7block_combined_models\unet_7block_combined_5dB_seed100.h5,4.999999909810923,3.8228402967596984e-07,4.999999907335734,4.9999986680593915,5.0000011416617784,8.681200976440982,2.3741537455363075,8.65172383918966,2.5707373585662174,15.752746206408261,0.8744467654922887,0.013186373170172455,0.8738582188579829,0.8282367194452684,0.9591308761066644,0.9196739219286073,0.04720453714190523,0.9312713783372055,0.6687332555266221,0.9897227968816069,0.5623413303476731,2.4727288112772583e-08,0.56234133065271,0.5623412512255369,0.5623414108330038,0.3818964599513396,0.10369594595199758,0.36932933844783633,0.16306572627416113,0.7438119162930994,16.542252754311654,5.3158412920406874,16.477334688116024,2.5579319622544747,40.957629940575856,7.168859949045617,2.0873965499102516,7.269160875119053,1.8904113510416656,20.159129847651396,3.6812010666300585,0.04522715643631858,0.1804448703963335,9.373392805266038
5,123,la_truck,la,truck,3852,9.468040637895,D:\wangshuo\paper4_2\unet_7block_combined_models\unet_7block_combined_5dB_seed123.h5,4.999999909810923,3.8228402967596984e-07,4.999999907335734,4.9999986680593915,5.0000011416617784,8.78925854679751,2.242521948672858,8.620734512032852,2.671012865158308,16.100400768203805,0.8744467654922887,0.013186373170172455,0.8738582188579829,0.8282367194452684,0.9591308761066644,0.922887205318967,0.04066590341618438,0.9304466256253692,0.6787857741211398,0.9887309711829952,0.5623413303476731,2.4727288112772583e-08,0.56234133065271,0.5623412512255369,0.5623414108330038,0.37552093075337983,0.09438205850645133,0.3706493756202712,0.15666787644583208,0.735274249228062,16.542252754311654,5.3158412920406874,16.477334688116024,2.5579319622544747,40.957629940575856,7.078982970379728,2.0765376118909344,7.205631080635161,1.9728486913394805,19.564104387272245,3.7892586369865873,0.04844043982667823,0.18682039959429325,9.463269783931928
5,256,la_truck,la,truck,3852,9.174409133101124,D:\wangshuo\paper4_2\unet_7block_combined_models\unet_7block_combined_5dB_seed256.h5,4.999999909810923,3.8228402967596984e-07,4.999999907335734,4.9999986680593915,5.0000011416617784,8.282398848569231,2.4882640542485315,8.318650140599535,1.64844763078837,16.03405308165097,0.8744467654922887,0.013186373170172455,0.8738582188579829,0.8282367194452684,0.9591308761066644,0.9096959541338061,0.058490486020223977,0.925630866848258,0.5637580624697028,0.9878902215796131,0.5623413303476731,2.4727288112772583e-08,0.56234133065271,0.5623412512255369,0.5623414108330038,0.40143076195797006,0.11597407088174592,0.3837668794698097,0.15786917715545126,0.827137323505044,16.542252754311654,5.3158412920406874,16.477334688116024,2.5579319622544747,40.957629940575856,7.2098609456732525,2.1402201428128085,7.21003831909968,1.8747725621327076,20.614618050154192,3.282398938758308,0.03524918864151738,0.16091056838970302,9.332391808638402
5,512,la_truck,la,truck,3852,9.306503289891726,D:\wangshuo\paper4_2\unet_7block_combined_models\unet_7block_combined_5dB_seed512.h5,4.999999909810923,3.8228402967596984e-07,4.999999907335734,4.9999986680593915,5.0000011416617784,8.443781344592212,2.3393716633796293,8.366257736337673,2.138902406984605,16.008242958605784,0.8744467654922887,0.013186373170172455,0.8738582188579829,0.8282367194452684,0.9591308761066644,0.9151559694669151,0.04838885096953088,0.9262179893816547,0.6284887531721475,0.9883619448216584,0.5623413303476731,2.4727288112772583e-08,0.56234133065271,0.5623412512255369,0.5623414108330038,0.39197250982842835,0.1039609053007446,0.3816692146392978,0.15833898310589042,0.7817265807793017,16.542252754311654,5.3158412920406874,16.477334688116024,2.5579319622544747,40.957629940575856,7.162845261795097,2.1173330437296793,7.329291830653367,2.017466677228496,21.841966619774237,3.4437814347812887,0.04070920397462641,0.17036882051924473,9.379407492516558
5,2024,la_truck,la,truck,3852,9.258616511855116,D:\wangshuo\paper4_2\unet_7block_combined_models\unet_7block_combined_5dB_seed2024.h5,4.999999909810923,3.8228402967596984e-07,4.999999907335734,4.9999986680593915,5.0000011416617784,8.468080134255096,2.215040382055644,8.293037027664429,1.6243366130689223,16.3986830812981,0.8744467654922887,0.013186373170172455,0.8738582188579829,0.8282367194452684,0.9591308761066644,0.9175462585428643,0.043163299503658006,0.9251426693804949,0.5685305224491175,0.9885133524156321,0.5623413303476731,2.4727288112772583e-08,0.56234133065271,0.5623412512255369,0.5623414108330038,0.3893161069123016,0.09622250161701275,0.38490020843846695,0.15137907433680678,0.8294365504741635,16.542252754311654,5.3158412920406874,16.477334688116024,2.5579319622544747,40.957629940575856,7.289587581751649,2.190505970530358,7.3026027488033485,1.7618805911061028,21.00285481312235,3.468080224444173,0.04309949305057559,0.17302522343537147,9.252665172560006
10,7,jian_normal,jian,normal,3752,13.078912368630329,D:\wangshuo\paper4_2\unet_7block_combined_models\unet_7block_combined_10dB_seed7.h5,9.999999098187745,7.199907825694852e-07,9.999999191703598,9.999994163973247,10.000001016604514,11.673456203525495,1.747760665905702,11.673521207648061,3.347507401964889,18.204685327925787,0.9539259725547891,0.0028896527548913117,0.9535104143383428,0.9483807823273381,0.9682096501794355,0.9675390158660657,0.015180227204434784,0.9708661299091921,0.7817955895512201,0.9928209000389746,0.3162277745070396,1.4712046579242235e-08,0.316227774307562,0.31622771917459297,0.3162278288620929,0.26620195355506204,0.055196479311831984,0.2608097904356097,0.12296052940798077,0.6801811823001622,12.394496751028491,3.802117261910632,12.197250575027823,2.051600633612736,30.496162884033314,8.54024903487378,2.284398537805465,8.517423732077107,1.8555254845587883,15.194536649000066,1.67345710533775,0.013613043311276662,0.05002582095197755,3.8542477161547115
10,19,jian_normal,jian,normal,3752,12.726548321115857,D:\wangshuo\paper4_2\unet_7block_combined_models\unet_7block_combined_10dB_seed19.h5,9.999999098187745,7.199907825694852e-07,9.999999191703598,9.999994163973247,10.000001016604514,12.126797190717141,1.61261013036564,12.207882979057207,4.891370970448316,17.377175736177705,0.9539259725547891,0.0028896527548913117,0.9535104143383428,0.9483807823273381,0.9682096501794355,0.9700846349079799,0.011762870338595735,0.9724785209425616,0.8680874099893766,0.9908419070546133,0.3162277745070396,1.4712046579242235e-08,0.316227774307562,0.31622771917459297,0.3162278288620929,0.2519234896194466,0.04846616259757255,0.24524818166466975,0.13525122649368826,0.5694183003585848,12.394496751028491,3.802117261910632,12.197250575027823,2.051600633612736,30.496162884033314,8.295858303554251,2.2554080110142505,8.210031661422708,1.6440601187394301,15.506647880316462,2.1267980925293966,0.016158662353190856,0.06430428488759299,4.09863844747424
10,42,jian_normal,jian,normal,3752,12.325200726426411,D:\wangshuo\paper4_2\unet_7block_combined_models\unet_7block_combined_10dB_seed42.h5,9.999999098187745,7.199907825694852e-07,9.999999191703598,9.999994163973247,10.000001016604514,10.572671172972024,1.871689634252858,10.556696762826043,3.7489645620848675,17.18385926355343,0.9539259725547891,0.0028896527548913117,0.9535104143383428,0.9483807823273381,0.9682096501794355,0.9682754779511101,0.011667517221188124,0.9704861933255207,0.8558085358692799,0.9910477887866206,0.3162277745070396,1.4712046579242235e-08,0.316227774307562,0.31622771917459297,0.3162278288620929,0.3030182514391464,0.06624647040995467,0.29659589084787447,0.13829517710053602,0.6494590181133895,12.394496751028491,3.802117261910632,12.197250575027823,2.051600633612736,30.496162884033314,7.369352678988658,1.466021363283159,7.417632954970351,2.0586848903731507,11.68738220385496,0.5726720747842791,0.014349505396321072,0.013209523067893192,5.025144072039833
10,66,jian_normal,jian,normal,3752,13.086566064707023,D:\wangshuo\paper4_2\unet_7block_combined_models\unet_7block_combined_10dB_seed66.h5,9.999999098187745,7.199907825694852e-07,9.999999191703598,9.999994163973247,10.000001016604514,11.98822892073565,1.5985389397433076,12.011522977075844,5.213434912953998,18.100650937282616,0.9539259725547891,0.0028896527548913117,0.9535104143383428,0.9483807823273381,0.9682096501794355,0.9667840868179014,0.013316671457077132,0.9692659329542443,0.8398132085123635,0.992479031396485,0.3162277745070396,1.4712046579242235e-08,0.316227774307562,0.31622771917459297,0.3162278288620929,0.25585542835233754,0.04813591719780772,0.2508556057484524,0.12444213223501265,0.5486915081839978,12.394496751028491,3.802117261910632,12.197250575027823,2.051600633612736,30.496162884033314,7.679029571381781,1.5724551677726761,7.854520867859257,1.8185035553379758,14.39891898477272,1.9882298225479058,0.012858114263112341,0.06037234615470205,4.71546717964671
10,88,jian_normal,jian,normal,3752,12.591680851440408,D:\wangshuo\paper4_2\unet_7block_combined_models\unet_7block_combined_10dB_seed88.h5,9.999999098187745,7.199907825694852e-07,9.999999191703598,9.999994163973247,10.000001016604514,11.35987442911343,1.5480978033371282,11.37642505317155,4.527704703345235,17.068159327277954,0.9539259725547891,0.0028896527548913117,0.9535104143383428,0.9483807823273381,0.9682096501794355,0.9683493516631008,0.010226870523002609,0.9701753384764962,0.8832671325761366,0.9903487443918935,0.3162277745070396,1.4712046579242235e-08,0.316227774307562,0.31622771917459297,0.3162278288620929,0.274748865154557,0.04978673967061447,0.2698849809534724,0.14014965456790754,0.593765196258154,12.394496751028491,3.802117261910632,12.197250575027823,2.051600633612736,30.496162884033314,7.640471876992185,1.8411452528034116,7.638529395606036,1.8285345171790044,12.25155977248978,1.3598753309256857,0.014423379108311707,0.04147890935248261,4.754024874036306
10,100,jian_normal,jian,normal,3752,12.89287023804087,D:\wangshuo\paper4_2\unet_7block_combined_models\unet_7block_combined_10dB_seed100.h5,9.999999098187745,7.199907825694852e-07,9.999999191703598,9.999994163973247,10.000001016604514,12.49129287310944,1.373620339329647,12.545217077781688,5.929486312735394,17.541113903070837,0.9539259725547891,0.0028896527548913117,0.9535104143383428,0.9483807823273381,0.9682096501794355,0.970619824033016,0.010104461076501819,0.9725414275974599,0.8859093565257603,0.9912636025694491,0.3162277745070396,1.4712046579242235e-08,0.316227774307562,0.31622771917459297,0.3162278288620929,0.24039935156029577,0.03905500459163654,0.23590604101324758,0.1327224238046047,0.5052724760144779,12.394496751028491,3.802117261910632,12.197250575027823,2.051600633612736,30.496162884033314,7.9666581752674235,2.041162542197523,8.114576696415295,1.6867514732098219,12.942786961392654,2.4912937749216955,0.016693851478226995,0.07582842294674383,4.427838575761068
10,123,jian_normal,jian,normal,3752,12.053371681825103,D:\wangshuo\paper4_2\unet_7block_combined_models\unet_7block_combined_10dB_seed123.h5,9.999999098187745,7.199907825694852e-07,9.999999191703598,9.999994163973247,10.000001016604514,10.265223943367413,1.6926426578898244,10.235024562702748,4.354966884562593,15.740094519604398,0.9539259725547891,0.0028896527548913117,0.9535104143383428,0.9483807823273381,0.9682096501794355,0.9669718677957999,0.009077419908685677,0.9684366092689143,0.8907973393697892,0.9871268608431213,0.3162277745070396,1.4712046579242235e-08,0.316227774307562,0.31622771917459297,0.3162278288620929,0.3125665352878445,0.060978918271576,0.3077859233633921,0.1633034174848772,0.6056917109351568,12.394496751028491,3.802117261910632,12.197250575027823,2.051600633612736,30.496162884033314,7.756808585188889,1.820305793334853,7.72117352128887,1.9662365042846548,13.253208401744494,0.2652248451796684,0.013045895241010852,0.0036612392191950893,4.637688165839602
10,256,jian_normal,jian,normal,3752,12.33242601985394,D:\wangshuo\paper4_2\unet_7block_combined_models\unet_7block_combined_10dB_seed256.h5,9.999999098187745,7.199907825694852e-07,9.999999191703598,9.999994163973247,10.000001016604514,10.7417359866179,1.6911799149145619,10.635814129034525,4.548899022091544,16.93599238825898,0.9539259725547891,0.0028896527548913117,0.9535104143383428,0.9483807823273381,0.9682096501794355,0.9691600412126914,0.010062516483699735,0.9707567777784576,0.8905332674706532,0.990296057525962,0.3162277745070396,1.4712046579242235e-08,0.316227774307562,0.31622771917459297,0.3162278288620929,0.2958229604776111,0.05698693212781744,0.29390654543031436,0.14229851889163353,0.5923181239738069,12.394496751028491,3.802117261910632,12.197250575027823,2.051600633612736,30.496162884033314,7.652383698761826,1.5960579330300528,7.958379337887955,2.066147212960885,11.967224977655352,0.7417368884301556,0.015234068657902333,0.02040481402942851,4.7421130522666655
10,512,jian_normal,jian,normal,3752,12.793495826704504,D:\wangshuo\paper4_2\unet_7block_combined_models\unet_7block_combined_10dB_seed512.h5,9.999999098187745,7.199907825694852e-07,9.999999191703598,9.999994163973247,10.000001016604514,12.044230110096454,1.3452909247974163,12.071275988836984,5.267918944067542,16.987835182799554,0.9539259725547891,0.0028896527548913117,0.9535104143383428,0.9483807823273381,0.9682096501794355,0.9675414914046377,0.010902833737599005,0.9692396656440923,0.8687559550088009,0.9899796548819162,0.3162277745070396,1.4712046579242235e-08,0.316227774307562,0.31622771917459297,0.3162278288620929,0.25296357297653616,0.0402161534321184,0.2491358083675306,0.14145172064661052,0.5452604754219845,12.394496751028491,3.802117261910632,12.197250575027823,2.051600633612736,30.496162884033314,7.518763765374751,1.5398430186268937,7.603494448965451,2.107099773742101,13.294925932601492,2.0442310119087086,0.013615518849848685,0.06326420153050344,4.87573298565374
10,2024,jian_normal,jian,normal,3752,12.739155572675497,D:\wangshuo\paper4_2\unet_7block_combined_models\unet_7block_combined_10dB_seed2024.h5,9.999999098187745,7.199907825694852e-07,9.999999191703598,9.999994163973247,10.000001016604514,11.714010930708756,1.5124159611364119,11.755499509782036,5.422474765197035,17.540774543872434,0.9539259725547891,0.0028896527548913117,0.9535104143383428,0.9483807823273381,0.9682096501794355,0.9660779713586963,0.012412869833249915,0.9683431484705738,0.8763760945241766,0.9914468044071599,0.3162277745070396,1.4712046579242235e-08,0.316227774307562,0.31622771917459297,0.3162278288620929,0.26359775210583747,0.046980588180511276,0.2583598242867341,0.13272760922275154,0.5356439759616638,12.394496751028491,3.802117261910632,12.197250575027823,2.051600633612736,30.496162884033314,7.039153491514366,1.217687124631976,7.1683749571707125,1.9721215221332085,12.979187315204124,1.7140118325210114,0.012151998803907271,0.052630022401202126,5.355343259514125
10,7,jian_truck,jian,truck,3752,13.078912368630329,D:\wangshuo\paper4_2\unet_7block_combined_models\unet_7block_combined_10dB_seed7.h5,9.999999221456436,7.195975089060447e-07,9.999999322714057,9.999994994699648,10.000000878196385,11.513640325346033,1.8059115910870747,11.544539699062085,3.215977178986398,18.402128152838227,0.954884284717009,0.003545760207707466,0.9542577460967423,0.9486180106521032,0.9766272108933134,0.9635313760567104,0.016869946583393306,0.966997459547566,0.7501867154654952,0.9934133712721899,0.3162277700191873,1.4125894240474576e-08,0.31622777015641923,0.3162277141501776,0.3162278150893594,0.2715081606673862,0.05793371802904668,0.2647115890118609,0.12019698987400323,0.6905595327189248,10.291709487897755,3.0449789531400655,9.840287551374946,2.1563251686223737,27.074983551541244,8.699569250128523,2.5818116304041334,8.723898136907412,1.6882545980473527,15.423769237179387,1.5136411038895972,0.008647091339701318,0.04471960935180108,1.5921402377692324
10,19,jian_truck,jian,truck,3752,12.726548321115857,D:\wangshuo\paper4_2\unet_7block_combined_models\unet_7block_combined_10dB_seed19.h5,9.999999221456436,7.195975089060447e-07,9.999999322714057,9.999994994699648,10.000000878196385,10.784790741580832,1.5488097867171444,10.718935155971089,4.359937486668554,18.755295717044394,0.954884284717009,0.003545760207707466,0.9542577460967423,0.9486180106521032,0.9766272108933134,0.9622347208931684,0.01342603153886766,0.9643876709918922,0.8242439515306637,0.9934847214834943,0.3162277700191873,1.4125894240474576e-08,0.31622777015641923,0.3162277141501776,0.3162278150893594,0.29347870662942116,0.051908936404251545,0.2911073832511426,0.11540781359397365,0.6053451958515816,10.291709487897755,3.0449789531400655,9.840287551374946,2.1563251686223737,27.074983551541244,8.49333064649326,2.601846500096501,8.339218488565374,1.184508485110371,15.641615006197648,0.7847915201243953,0.007350436176159381,0.022749063389766122,1.7983788414044959
10,42,jian_truck,jian,truck,3752,12.325200726426411,D:\wangshuo\paper4_2\unet_7block_combined_models\unet_7block_combined_10dB_seed42.h5,9.999999221456436,7.195975089060447e-07,9.999999322714057,9.999994994699648,10.000000878196385,10.462233004381284,1.8903734050817962,10.384434752376063,3.556026973390382,18.468683177689773,0.954884284717009,0.003545760207707466,0.9542577460967423,0.9486180106521032,0.9766272108933134,0.9623077682594788,0.014030150583401565,0.9643614071520504,0.8256399426838938,0.9930436810574383,0.3162277700191873,1.4125894240474576e-08,0.31622777015641923,0.3162277141501776,0.3162278150893594,0.30695680103988254,0.06670144278053221,0.3025368132789779,0.1192795083593432,0.6640467149209902,10.291709487897755,3.0449789531400655,9.840287551374946,2.1563251686223737,27.074983551541244,7.253480949680077,1.622919959073036,7.248567067261449,1.8465676658096053,12.575751014257786,0.46223378292484796,0.0074234835424698,0.009270968979304739,3.0382285382176777
10,66,jian_truck,jian,truck,3752,13.086566064707023,D:\wangshuo\paper4_2\unet_7block_combined_models\unet_7block_combined_10dB_seed66.h5,9.999999221456436,7.195975089060447e-07,9.999999322714057,9.999994994699648,10.000000878196385,11.338978941847778,1.606643813180336,11.354896543659102,5.168052705689709,19.40377531228572,0.954884284717009,0.003545760207707466,0.9542577460967423,0.9486180106521032,0.9766272108933134,0.9624982629290911,0.014918275091966861,0.9654104279329956,0.8503201065920083,0.9943816572456939,0.3162277700191873,1.4125894240474576e-08,0.31622777015641923,0.3162277141501776,0.3162278150893594,0.27570761735747285,0.051258950908580084,0.2705547234118218,0.1071053669551395,0.551565801475783,10.291709487897755,3.0449789531400655,9.840287551374946,2.1563251686223737,27.074983551541244,7.60083766974485,1.7662402765718244,7.809260350718194,1.1423222060502263,13.410220860590044,1.3389797203913414,0.007613978212082095,0.04052015266171444,2.690871818152905
10,88,jian_truck,jian,truck,3752,12.591680851440408,D:\wangshuo\paper4_2\unet_7block_combined_models\unet_7block_combined_10dB_seed88.h5,9.999999221456436,7.195975089060447e-07,9.999999322714057,9.999994994699648,10.000000878196385,10.463259074743572,1.6186370501500698,10.392504534485624,4.216431498029726,18.05398118458177,0.954884284717009,0.003545760207707466,0.9542577460967423,0.9486180106521032,0.9766272108933134,0.9638138404249394,0.011880790174813397,0.9654325535860095,0.8527006318196599,0.9923256871269346,0.3162277700191873,1.4125894240474576e-08,0.31622777015641923,0.3162277141501776,0.3162278150893594,0.3049659899409524,0.055984216373228396,0.30225587324598335,0.12511256852264097,0.6154296289000132,10.291709487897755,3.0449789531400655,9.840287551374946,2.1563251686223737,27.074983551541244,7.615825891422068,2.0350158776259133,7.609221323870733,1.3403273542420182,14.365259012769933,0.4632598532871359,0.008929555707930414,0.011261780078234862,2.6758835964756873
10,100,jian_truck,jian,truck,3752,12.89287023804087,D:\wangshuo\paper4_2\unet_7block_combined_models\unet_7block_combined_10dB_seed100.h5,9.999999221456436,7.195975089060447e-07,9.999999322714057,9.999994994699648,10.000000878196385,11.25268955607107,1.269736909074473,11.215721246582989,5.446012242495703,18.874679717811553,0.954884284717009,0.003545760207707466,0.9542577460967423,0.9486180106521032,0.9766272108933134,0.9617267791232302,0.011686540525529488,0.9631295317478277,0.8537359835172008,0.9935330536158886,0.3162277700191873,1.4125894240474576e-08,0.31622777015641923,0.3162277141501776,0.3162278150893594,0.27664991634604197,0.03980273623131101,0.2749247853852591,0.1138324316801853,0.534194424524273,10.291709487897755,3.0449789531400655,9.840287551374946,2.1563251686223737,27.074983551541244,8.021562826195591,2.2812326542956822,8.271106001778188,1.4435593368480253,12.78331389823516,1.252690334614634,0.0068424944062212,0.03957785367314531,2.2701466617021637
10,123,jian_truck,jian,truck,3752,12.053371681825103,D:\wangshuo\paper4_2\unet_7block_combined_models\unet_7block_combined_10dB_seed123.h5,9.999999221456436,7.195975089060447e-07,9.999999322714057,9.999994994699648,10.000000878196385,10.30814509709415,1.5718654414426918,10.320033133548925,4.285050468265246,18.00196178220421,0.954884284717009,0.003545760207707466,0.9542577460967423,0.9486180106521032,0.9766272108933134,0.9615934044110889,0.010334624585905,0.9629163520587078,0.8709602409472855,0.992447412110629,0.3162277700191873,1.4125894240474576e-08,0.31622777015641923,0.3162277141501776,0.3162278150893594,0.3102202521040829,0.05627090537532097,0.30478831034898746,0.12586411029923858,0.6105868568934915,10.291709487897755,3.0449789531400655,9.840287551374946,2.1563251686223737,27.074983551541244,7.715563380164092,2.0497873121638808,7.667507383587463,1.1312895189357741,14.170778659187533,0.3081458756377131,0.006709119694079835,0.006007517915104399,2.5761461077336634
10,256,jian_truck,jian,truck,3752,12.33242601985394,D:\wangshuo\paper4_2\unet_7block_combined_models\unet_7block_combined_10dB_seed256.h5,9.999999221456436,7.195975089060447e-07,9.999999322714057,9.999994994699648,10.000000878196385,10.62161899488048,1.565929407088935,10.56363830346416,4.521909635284581,19.180127382831948,0.954884284717009,0.003545760207707466,0.9542577460967423,0.9486180106521032,0.9766272108933134,0.9620834016198665,0.011182425572852754,0.96339165783247,0.8747235291622285,0.9940424406084043,0.3162277700191873,1.4125894240474576e-08,0.31622777015641923,0.3162277141501776,0.3162278150893594,0.2991393061821499,0.05330196825479097,0.296358957281139,0.10989897199371962,0.5941614778874263,10.291709487897755,3.0449789531400655,9.840287551374946,2.1563251686223737,27.074983551541244,7.560683948991792,1.7551275169810763,7.881026067816954,1.5024325870453616,13.285443523032106,0.6216197734240438,0.007199116902857461,0.017088463837037382,2.7310255389059632
10,512,jian_truck,jian,truck,3752,12.793495826704504,D:\wangshuo\paper4_2\unet_7block_combined_models\unet_7block_combined_10dB_seed512.h5,9.999999221456436,7.195975089060447e-07,9.999999322714057,9.999994994699648,10.000000878196385,11.581613871108784,1.5243396611707134,11.572804061709306,5.097751450915253,19.068701820328027,0.954884284717009,0.003545760207707466,0.9542577460967423,0.9486180106521032,0.9766272108933134,0.9645279848770677,0.013177875705896366,0.9667804816823518,0.8507276504912441,0.9938154565237615,0.3162277700191873,1.4125894240474576e-08,0.31622777015641923,0.3162277141501776,0.3162278150893594,0.26765474525334654,0.04712351604550911,0.2638516206978299,0.11131787522236715,0.5560481426899903,10.291709487897755,3.0449789531400655,9.840287551374946,2.1563251686223737,27.074983551541244,7.4467023936333705,1.7190120714104498,7.44994313084746,1.6896436054560198,12.344153431319553,1.581614649652348,0.009643700160058666,0.048573024765840744,2.8450070942643846
10,2024,jian_truck,jian,truck,3752,12.739155572675497,D:\wangshuo\paper4_2\unet_7block_combined_models\unet_7block_combined_10dB_seed2024.h5,9.999999221456436,7.195975089060447e-07,9.999999322714057,9.999994994699648,10.000000878196385,10.832458510724704,1.5927345982215066,10.80409496540224,4.838746488757291,18.44279547118742,0.954884284717009,0.003545760207707466,0.9542577460967423,0.9486180106521032,0.9766272108933134,0.9601245989020962,0.015021719789892715,0.9625696271082522,0.853877044111288,0.9928491343489598,0.3162277700191873,1.4125894240474576e-08,0.31622777015641923,0.3162277141501776,0.3162278150893594,0.2921504215818222,0.053351731616078125,0.28826718194576884,0.1196355431717255,0.5728786588550397,10.291709487897755,3.0449789531400655,9.840287551374946,2.1563251686223737,27.074983551541244,6.949826471420688,1.3140949703523925,7.075881696736234,1.6172471366582486,13.38257572352789,0.8324592892682681,0.0052403141850871915,0.024077348437365087,3.341883016477067
10,7,la_normal,la,normal,3852,13.078912368630329,D:\wangshuo\paper4_2\unet_7block_combined_models\unet_7block_combined_10dB_seed7.h5,9.999999713532626,4.089853999124155e-07,9.999999719516705,9.999998487896839,10.000000989374126,12.514662061594755,1.5733171060661484,12.46720360683871,6.248134240560036,18.81897233131506,0.9538942723028538,0.0022682981052190125,0.953619517937697,0.948783328019073,0.9699436158327815,0.9721522946960733,0.010793397172372888,0.97373223261103,0.8770265727048397,0.9945431174058122,0.31622777487986237,1.4765894072883372e-08,0.31622777448002604,0.31622772988869363,0.3162278180378348,0.24062565154241108,0.043564944488339176,0.238034448665352,0.11456484785658508,0.4870721382361323,15.223646257885354,5.490562371359987,15.030435133293594,1.969486199843311,41.649561609571414,6.4521211240569665,2.109557245181123,6.7598255261334455,1.7012843186377462,19.276111312996775,2.5146623480621297,0.018258022393219497,0.07560212333745128,8.771525133828387
10,19,la_normal,la,normal,3852,12.726548321115857,D:\wangshuo\paper4_2\unet_7block_combined_models\unet_7block_combined_10dB_seed19.h5,9.999999713532626,4.089853999124155e-07,9.999999719516705,9.999998487896839,10.000000989374126,12.912455694014144,1.3533286319381714,12.9098090517152,7.568184795140595,19.74011345708792,0.9538942723028538,0.0022682981052190125,0.953619517937697,0.948783328019073,0.9699436158327815,0.9734862820864479,0.008728853660517955,0.9747952052474855,0.9087686760957683,0.9948009314149457,0.31622777487986237,1.4765894072883372e-08,0.31622777448002604,0.31622772988869363,0.3162278180378348,0.22889918166431691,0.035933332979982704,0.22620882480103865,0.10303726592151222,0.4183991173106995,15.223646257885354,5.490562371359987,15.030435133293594,1.969486199843311,41.649561609571414,6.462301218771659,2.183981507881833,6.640557948669075,1.5427497812899988,20.05213676162359,2.9124559804815178,0.0195920097835941,0.08732859321554545,8.761345039113696
10,42,la_normal,la,normal,3852,12.325200726426411,D:\wangshuo\paper4_2\unet_7block_combined_models\unet_7block_combined_10dB_seed42.h5,9.999999713532626,4.089853999124155e-07,9.999999719516705,9.999998487896839,10.000000989374126,12.175150535140723,1.3431401822728768,12.199363916916463,6.948249150689195,18.629337667301623,0.9538942723028538,0.0022682981052190125,0.953619517937697,0.948783328019073,0.9699436158327815,0.9703636368113066,0.010103000876206865,0.9723473825660867,0.8959565050034781,0.9939404841546263,0.31622777487986237,1.4765894072883372e-08,0.31622777448002604,0.31622772988869363,0.3162278180378348,0.24914054771331634,0.038918381440847916,0.24548886608666942,0.11709358854000589,0.44935289283726004,15.223646257885354,5.490562371359987,15.030435133293594,1.969486199843311,41.649561609571414,6.462235130942479,2.030848535539754,6.658134596716688,1.5732484417893073,21.249387977113084,2.1751508216080975,0.01646936450845271,0.06708722716654603,8.761411126942875
10,66,la_normal,la,normal,3852,13.086566064707023,D:\wangshuo\paper4_2\unet_7block_combined_models\unet_7block_combined_10dB_seed66.h5,9.999999713532626,4.089853999124155e-07,9.999999719516705,9.999998487896839,10.000000989374126,12.573093897774335,1.5692815451283724,12.572267423101414,7.295368604831395,19.308464864202058,0.9538942723028538,0.0022682981052190125,0.953619517937697,0.948783328019073,0.9699436158327815,0.970863270822683,0.011031947237063479,0.9727202126249093,0.9029045664073795,0.9941602327218435,0.31622777487986237,1.4765894072883372e-08,0.31622777448002604,0.31622772988869363,0.3162278180378348,0.23900756254961578,0.04339529089228278,0.2351725468455271,0.10828710817447403,0.43174922750994654,15.223646257885354,5.490562371359987,15.030435133293594,1.969486199843311,41.649561609571414,6.575070746890251,2.1796493334020566,6.71505545261509,1.8138319417386766,20.605541359893145,2.573094184241709,0.016968998519829137,0.07722021233024659,8.648575510995103
10,88,la_normal,la,normal,3852,12.591680851440408,D:\wangshuo\paper4_2\unet_7block_combined_models\unet_7block_combined_10dB_seed88.h5,9.999999713532626,4.089853999124155e-07,9.999999719516705,9.999998487896839,10.000000989374126,12.441653865620951,1.4035443882436685,12.450099788780875,7.611611365824489,18.479345305427223,0.9538942723028538,0.0022682981052190125,0.953619517937697,0.948783328019073,0.9699436158327815,0.9707950944168262,0.009828821792575661,0.9723150541626796,0.9105692224446102,0.9930610787460152,0.31622777487986237,1.4765894072883372e-08,0.31622777448002604,0.31622772988869363,0.3162278180378348,0.24185957209417785,0.03912238216272497,0.2385036355962742,0.11913317991919553,0.4163124808893686,15.223646257885354,5.490562371359987,15.030435133293594,1.969486199843311,41.649561609571414,6.3783000060333235,2.1205031193922874,6.562523460514939,1.6557018439605813,19.900786954769185,2.4416541520883257,0.01690082211397237,0.07436820278568451,8.845346251852032
10,100,la_normal,la,normal,3852,12.89287023804087,D:\wangshuo\paper4_2\unet_7block_combined_models\unet_7block_combined_10dB_seed100.h5,9.999999713532626,4.089853999124155e-07,9.999999719516705,9.999998487896839,10.000000989374126,12.767339823497906,1.305334166395558,12.800353072310804,8.207585517668845,18.54309016126719,0.9538942723028538,0.0022682981052190125,0.953619517937697,0.948783328019073,0.9699436158327815,0.9725458309655975,0.008751464316158043,0.9740734673869349,0.9215059924296201,0.9930479278862868,0.31622777487986237,1.4765894072883372e-08,0.31622777448002604,0.31622772988869363,0.3162278180378348,0.23256467469548145,0.03530286768624884,0.22907745180334665,0.11826207406563397,0.38870553370526056,15.223646257885354,5.490562371359987,15.030435133293594,1.969486199843311,41.649561609571414,6.278586409239474,2.1974134697536543,6.506393507836096,1.6872025073281325,19.925000050873052,2.7673401099652803,0.018651558662743706,0.08366310018438092,8.94505984864588
10,123,la_normal,la,normal,3852,12.053371681825103,D:\wangshuo\paper4_2\unet_7block_combined_models\unet_7block_combined_10dB_seed123.h5,9.999999713532626,4.089853999124155e-07,9.999999719516705,9.999998487896839,10.000000989374126,12.041125705326339,1.1586982064337075,12.008663595452486,7.620314333168866,18.309886722956012,0.9538942723028538,0.0022682981052190125,0.953619517937697,0.948783328019073,0.9699436158327815,0.969782028748097,0.008123030592616175,0.9709361661829137,0.9201291835765646,0.9926839387273036,0.31622777487986237,1.4765894072883372e-08,0.31622777448002604,0.31622772988869363,0.3162278180378348,0.2522211983278609,0.033500199438325266,0.2509382215234837,0.12148024613777463,0.41589555457537414,15.223646257885354,5.490562371359987,15.030435133293594,1.969486199843311,41.649561609571414,6.763736791994139,2.1910778962110773,6.851358735532984,1.884640512617515,21.156681189293554,2.041125991793713,0.015887756445243206,0.06400657655200148,8.459909465891215
10,256,la_normal,la,normal,3852,12.33242601985394,D:\wangshuo\paper4_2\unet_7block_combined_models\unet_7block_combined_10dB_seed256.h5,9.999999713532626,4.089853999124155e-07,9.999999719516705,9.999998487896839,10.000000989374126,12.126990408793988,1.368432776340221,12.138712315728482,7.149179790536388,18.637817270659603,0.9538942723028538,0.0022682981052190125,0.953619517937697,0.948783328019073,0.9699436158327815,0.9697443089210234,0.00989085409429089,0.9714679767698389,0.8993874792478386,0.9933264928341337,0.31622777487986237,1.4765894072883372e-08,0.31622777448002604,0.31622772988869363,0.3162278180378348,0.25062655457774413,0.03963942337124696,0.24720905946120447,0.1169793316560416,0.4390773252552167,15.223646257885354,5.490562371359987,15.030435133293594,1.969486199843311,41.649561609571414,6.464158597822241,2.1783403895647875,6.676726637644883,1.6920073706754737,20.741313504950668,2.1269906952613624,0.015850036618169527,0.06560122030211823,8.759487660063114
10,512,la_normal,la,normal,3852,12.793495826704504,D:\wangshuo\paper4_2\unet_7block_combined_models\unet_7block_combined_10dB_seed512.h5,9.999999713532626,4.089853999124155e-07,9.999999719516705,9.999998487896839,10.000000989374126,12.230169416944278,1.2780087083105542,12.283047302443375,6.231693106658552,17.6576333782705,0.9538942723028538,0.0022682981052190125,0.953619517937697,0.948783328019073,0.9699436158327815,0.9689510313324575,0.010077804373676738,0.970794230214449,0.8763801096099411,0.991480830870663,0.31622777487986237,1.4765894072883372e-08,0.31622777448002604,0.31622772988869363,0.3162278180378348,0.247309735424087,0.03724985754414304,0.24313508253484045,0.13095386792861957,0.4879949690147475,15.223646257885354,5.490562371359987,15.030435133293594,1.969486199843311,41.649561609571414,6.6689773489737085,2.209175963744813,6.8420178807885055,1.7404114268219373,21.15727802436525,2.2301697034116525,0.015056759029603684,0.06891803945577538,8.554668908911646
10,2024,la_normal,la,normal,3852,12.739155572675497,D:\wangshuo\paper4_2\unet_7block_combined_models\unet_7block_combined_10dB_seed2024.h5,9.999999713532626,4.089853999124155e-07,9.999999719516705,9.999998487896839,10.000000989374126,12.541046301881757,1.4332313059185207,12.620245848166832,7.426030222196783,19.158903786386766,0.9538942723028538,0.0022682981052190125,0.953619517937697,0.948783328019073,0.9699436158327815,0.9706940219212657,0.010538608597503812,0.9728267218307289,0.9052702021087392,0.9939823678496402,0.31622777487986237,1.4765894072883372e-08,0.31622777448002604,0.31622772988869363,0.3162278180378348,0.23928283962385447,0.040348878876160836,0.233877103891197,0.11016783374357571,0.4253030412571494,15.223646257885354,5.490562371359987,15.030435133293594,1.969486199843311,41.649561609571414,6.586136989009621,2.2043811800704654,6.6190673805333855,1.7184729681838715,20.910891530876693,2.541046588349131,0.016799749618411908,0.0769449352560079,8.637509268875734
10,7,la_truck,la,truck,3852,13.078912368630329,D:\wangshuo\paper4_2\unet_7block_combined_models\unet_7block_combined_10dB_seed7.h5,9.999999837927332,3.920306881249503e-07,9.999999834017174,9.999998587516219,10.000001110127847,12.356061045315531,1.962578665212045,12.225330098424955,6.9340682073027695,19.39227730182668,0.9548117937181534,0.0032379756662036514,0.954349994593787,0.9486835705674571,0.9827451727004323,0.9687419939002253,0.014078919174394315,0.9708085967484626,0.9000929058312334,0.9947486042423626,0.3162277703510158,1.4136083282373327e-08,0.31622777048010486,0.3162277242739794,0.3162278143881374,0.24721675535325627,0.05493128851516848,0.24475607946188607,0.10724724214831435,0.4500871226530262,12.738609871716935,4.780722598540703,12.41977038121334,1.6115128802186145,36.33978020840611,6.2105225728323745,2.1679892808466295,6.487844441672762,1.2449538357820171,16.734843123237024,2.3560612073881995,0.013930200182071917,0.06901101499775952,6.528087298884561
10,19,la_truck,la,truck,3852,12.726548321115857,D:\wangshuo\paper4_2\unet_7block_combined_models\unet_7block_combined_10dB_seed19.h5,9.999999837927332,3.920306881249503e-07,9.999999834017174,9.999998587516219,10.000001110127847,12.015750000642244,1.723720344446636,11.806709150336346,6.948736966760304,19.856143437766768,0.9548117937181534,0.0032379756662036514,0.954349994593787,0.9486835705674571,0.9827451727004323,0.9673773568374427,0.012136728482950273,0.9683358452895289,0.8948896482327194,0.9951232990839213,0.3162277703510158,1.4136083282373327e-08,0.31622777048010486,0.3162277242739794,0.3162278143881374,0.2555045209197319,0.047956277340703075,0.25684111151724487,0.10167000101200853,0.4493276575618117,12.738609871716935,4.780722598540703,12.41977038121334,1.6115128802186145,36.33978020840611,6.239281489295164,2.1596379587248236,6.461057806134441,1.302766196934214,22.341841319250875,2.0157501627149124,0.012565563119289358,0.06072324943128388,6.499328382421772
10,42,la_truck,la,truck,3852,12.325200726426411,D:\wangshuo\paper4_2\unet_7block_combined_models\unet_7block_combined_10dB_seed42.h5,9.999999837927332,3.920306881249503e-07,9.999999834017174,9.999998587516219,10.000001110127847,12.104597945878364,1.9426817352442645,11.945124236749182,6.991243000495869,20.06095889297322,0.9548117937181534,0.0032379756662036514,0.954349994593787,0.9486835705674571,0.9827451727004323,0.967281416781324,0.014509709135306303,0.9694048819369424,0.895782011156707,0.9954038819226946,0.3162277703510158,1.4136083282373327e-08,0.31622777048010486,0.3162277242739794,0.3162278143881374,0.2542685391073982,0.0548391723434193,0.25278062895897163,0.09930064169523665,0.44713415831089587,12.738609871716935,4.780722598540703,12.41977038121334,1.6115128802186145,36.33978020840611,6.223220714885368,2.0439097174954752,6.462367600783265,1.371093977445966,18.568864446724525,2.1045981079510323,0.012469623063170565,0.061959231243617574,6.515389156831567
10,66,la_truck,la,truck,3852,13.086566064707023,D:\wangshuo\paper4_2\unet_7block_combined_models\unet_7block_combined_10dB_seed66.h5,9.999999837927332,3.920306881249503e-07,9.999999834017174,9.999998587516219,10.000001110127847,12.22112599909132,2.001736233409058,12.086814905264745,6.66407274797021,19.581990233116663,0.9548117937181534,0.0032379756662036514,0.954349994593787,0.9486835705674571,0.9827451727004323,0.9671452482921671,0.014857975791500094,0.969509645010414,0.8875718912334055,0.9944827090252196,0.3162277703510158,1.4136083282373327e-08,0.31622777048010486,0.3162277242739794,0.3162278143881374,0.2512864018170627,0.05627843175101896,0.24869053126078675,0.10493019694833843,0.4642975165753191,12.738609871716935,4.780722598540703,12.41977038121334,1.6115128802186145,36.33978020840611,6.252735922371227,2.153400339439486,6.455359049373467,1.1763706680796828,18.69517496436725,2.2211261611639888,0.012333454574013691,0.0649413685339531,6.4858739493457085
10,88,la_truck,la,truck,3852,12.591680851440408,D:\wangshuo\paper4_2\unet_7block_combined_models\unet_7block_combined_10dB_seed88.h5,9.999999837927332,3.920306881249503e-07,9.999999834017174,9.999998587516219,10.000001110127847,11.997067795315095,1.8420179086571897,11.765561592487572,7.549033483321615,19.365179620961523,0.9548117937181534,0.0032379756662036514,0.954349994593787,0.9486835705674571,0.9827451727004323,0.9677033862636067,0.01285650312792362,0.9688999958226496,0.9167095560519998,0.994397438810897,0.3162277703510158,1.4136083282373327e-08,0.31622777048010486,0.3162277242739794,0.3162278143881374,0.2567336517729561,0.051441444683161086,0.2580607285208285,0.10758234805851877,0.41932265076354397,12.738609871716935,4.780722598540703,12.41977038121334,1.6115128802186145,36.33978020840611,6.211362881458264,2.168543228337991,6.394682067341082,1.076644615423147,17.323520493548138,1.9970679573877632,0.012891592545453356,0.059494118578059696,6.527246990258671
10,100,la_truck,la,truck,3852,12.89287023804087,D:\wangshuo\paper4_2\unet_7block_combined_models\unet_7block_combined_10dB_seed100.h5,9.999999837927332,3.920306881249503e-07,9.999999834017174,9.999998587516219,10.000001110127847,12.188872987140394,1.7926428236627587,11.960389286692909,7.483533554650226,20.158283066849343,0.9548117937181534,0.0032379756662036514,0.954349994593787,0.9486835705674571,0.9827451727004323,0.9679581705782561,0.012416429562470301,0.968966341189404,0.9064558104374847,0.9953129387190197,0.3162277703510158,1.4136083282373327e-08,0.31622777048010486,0.3162277242739794,0.3162278143881374,0.2508382479078612,0.048878737816809,0.2523367667559875,0.09819420201927227,0.42249670108570664,12.738609871716935,4.780722598540703,12.41977038121334,1.6115128802186145,36.33978020840611,5.959742790215083,2.193471983115829,6.134142687586618,1.230363104770358,17.600867289758597,2.1888731492130624,0.013146376860102671,0.0653895224431546,6.778867081501852
10,123,la_truck,la,truck,3852,12.053371681825103,D:\wangshuo\paper4_2\unet_7block_combined_models\unet_7block_combined_10dB_seed123.h5,9.999999837927332,3.920306881249503e-07,9.999999834017174,9.999998587516219,10.000001110127847,12.064313231288542,1.6722676820005473,11.84597267963699,7.941776669926416,18.697117164818742,0.9548117937181534,0.0032379756662036514,0.954349994593787,0.9486835705674571,0.9827451727004323,0.9673436702013885,0.011450428668664211,0.9679872749982881,0.9171593952451943,0.9933294866397584,0.3162277703510158,1.4136083282373327e-08,0.31622777048010486,0.3162277242739794,0.3162278143881374,0.2538044868192626,0.046270035822661815,0.2556827111863371,0.11618341605892238,0.4007847299250077,12.738609871716935,4.780722598540703,12.41977038121334,1.6115128802186145,36.33978020840611,6.398094247127078,2.116265382690116,6.596470244714212,1.4218952856342477,19.302299944995777,2.0643133933612106,0.01253187648323506,0.06242328353175319,6.340515624589857
10,256,la_truck,la,truck,3852,12.33242601985394,D:\wangshuo\paper4_2\unet_7block_combined_models\unet_7block_combined_10dB_seed256.h5,9.999999837927332,3.920306881249503e-07,9.999999834017174,9.999998587516219,10.000001110127847,12.057591859236059,1.7997473954291454,11.933096995322508,6.666727640866133,19.20533032307087,0.9548117937181534,0.0032379756662036514,0.954349994593787,0.9486835705674571,0.9827451727004323,0.9666538924999121,0.013109015074424319,0.968264959034575,0.8874969177491995,0.9940504553931065,0.3162277703510158,1.4136083282373327e-08,0.31622777048010486,0.3162277242739794,0.3162278143881374,0.25478001335013273,0.050973541362519734,0.2531308901295545,0.10958055170629832,0.46415562499272406,12.738609871716935,4.780722598540703,12.41977038121334,1.6115128802186145,36.33978020840611,6.179204720445608,2.1791823622411823,6.441942671104302,1.3833960488304,18.673680585675044,2.057592021308727,0.011842098781758681,0.06144775700088306,6.559405151271327
10,512,la_truck,la,truck,3852,12.793495826704504,D:\wangshuo\paper4_2\unet_7block_combined_models\unet_7block_combined_10dB_seed512.h5,9.999999837927332,3.920306881249503e-07,9.999999834017174,9.999998587516219,10.000001110127847,12.195152411305617,1.8732792387830541,12.060605194412336,5.5007287318065226,19.530750981844765,0.9548117937181534,0.0032379756662036514,0.954349994593787,0.9486835705674571,0.9827451727004323,0.9674373048996028,0.013697384712663413,0.9694470927261729,0.8474769200293328,0.994479771951209,0.3162277703510158,1.4136083282373327e-08,0.31622777048010486,0.3162277242739794,0.3162278143881374,0.25120225484581504,0.05221351767142657,0.24944211305303404,0.10555102393540554,0.5308399057692792,12.738609871716935,4.780722598540703,12.41977038121334,1.6115128802186145,36.33978020840611,6.456109204244115,2.22667515037777,6.693084081086495,1.154154411581841,19.95969857021139,2.1951525733782855,0.01262551118144939,0.06502551550520075,6.282500667472821
10,2024,la_truck,la,truck,3852,12.739155572675497,D:\wangshuo\paper4_2\unet_7block_combined_models\unet_7block_combined_10dB_seed2024.h5,9.999999837927332,3.920306881249503e-07,9.999999834017174,9.999998587516219,10.000001110127847,12.001503717311785,1.994946941777243,11.829360237422463,6.842489625442009,19.528906917056226,0.9548117937181534,0.0032379756662036514,0.954349994593787,0.9486835705674571,0.9827451727004323,0.9657002500050808,0.015308753578224704,0.9680260735446373,0.8917235109292055,0.9945799287961701,0.3162277703510158,1.4136083282373327e-08,0.31622777048010486,0.3162277242739794,0.3162278143881374,0.2576380193714208,0.057005187764916664,0.2561721944449437,0.10557343514837553,0.454857664312178,12.738609871716935,4.780722598540703,12.41977038121334,1.6115128802186145,36.33978020840611,6.348073618239646,2.152154023361609,6.48994186728407,1.3519091083844605,18.12337333794124,2.001503879384453,0.010888456286927362,0.05858975097959501,6.390536253477289
15,7,jian_normal,jian,normal,3752,15.769549407049498,D:\wangshuo\paper4_2\unet_7block_combined_models\unet_7block_combined_15dB_seed7.h5,14.999997421249189,2.123542091305663e-06,14.999997871886634,14.999982726296997,15.000000742035924,15.08030838180722,0.9927798157097624,15.113432483410705,9.579144515178296,19.522039659301537,0.9847528185236752,0.0006136768555912556,0.9845942102108137,0.9838717012515127,0.988548027756709,0.9861854407352987,0.0024964113859713677,0.9864167278550612,0.9662350682864473,0.9945031015818153,0.17782794727277426,8.639995003637858e-09,0.1778279471463856,0.17782792019380475,0.17782797622191662,0.17735867570762076,0.02070825244527126,0.1755206879780431,0.10565693681981665,0.33192705695641134,9.251532804983457,3.1327951069701956,8.951149872279409,1.332885109343817,25.921933184549967,7.190307483687179,1.265855334811964,7.530791232978164,1.6186346630855424,12.104417820212422,0.08031096055803033,0.0014326222116234355,0.00046927156515350066,2.061225321296278
15,19,jian_normal,jian,normal,3752,16.466706382745393,D:\wangshuo\paper4_2\unet_7block_combined_models\unet_7block_combined_15dB_seed19.h5,14.999997421249189,2.123542091305663e-06,14.999997871886634,14.999982726296997,15.000000742035924,16.05357057531945,1.2538524091686936,16.151850094862073,9.0429723578427,20.117407649832685,0.9847528185236752,0.0006136768555912556,0.9845942102108137,0.9838717012515127,0.988548027756709,0.9878072665229994,0.0035669754410483766,0.9885277681965858,0.9580879660574283,0.9951465097362363,0.17782794727277426,8.639995003637858e-09,0.1778279471463856,0.17782792019380475,0.17782797622191662,0.1592065431474646,0.024038223462902825,0.15574260523813302,0.0986573880880317,0.35306224519132784,9.251532804983457,3.1327951069701956,8.951149872279409,1.332885109343817,25.921933184549967,6.913809804507392,1.6363554962602567,6.991309060674797,1.4862135018659914,11.951886512994033,1.0535731540702624,0.0030544479993241946,0.01862140412530966,2.337723000476065
15,42,jian_normal,jian,normal,3752,15.641714947266042,D:\wangshuo\paper4_2\unet_7block_combined_models\unet_7block_combined_15dB_seed42.h5,14.999997421249189,2.123542091305663e-06,14.999997871886634,14.999982726296997,15.000000742035924,14.674436880216888,1.6840748156566405,14.847581926573366,7.89955387387312,19.51890165693204,0.9847528185236752,0.0006136768555912556,0.9845942102108137,0.9838717012515127,0.988548027756709,0.9863201318553603,0.003393557499759486,0.9868757708772393,0.9550733018752192,0.9944683722406842,0.17782794727277426,8.639995003637858e-09,0.1778279471463856,0.17782792019380475,0.17782797622191662,0.18824523350101097,0.038780503057151666,0.18097592901512444,0.10569511501827351,0.4027376486760391,9.251532804983457,3.1327951069701956,8.951149872279409,1.332885109343817,25.921933184549967,7.3267220674644555,2.0971627683495693,7.079916735734891,1.6544332410512184,13.82507276261626,-0.32556054103230103,0.0015673133316850274,-0.010417286228236705,1.9248107375190013
15,66,jian_normal,jian,normal,3752,15.980029400389848,D:\wangshuo\paper4_2\unet_7block_combined_models\unet_7block_combined_15dB_seed66.h5,14.999997421249189,2.123542091305663e-06,14.999997871886634,14.999982726296997,15.000000742035924,14.725533483697061,1.6878122078050475,14.829787698807333,7.770908661668061,19.39569652425084,0.9847528185236752,0.0006136768555912556,0.9845942102108137,0.9838717012515127,0.988548027756709,0.9871333577338736,0.0036243268381392435,0.987888708022922,0.9625022309632777,0.9943691303133352,0.17782794727277426,8.639995003637858e-09,0.1778279471463856,0.17782792019380475,0.17782797622191662,0.18710872427151873,0.03788856446785452,0.18134705810452234,0.10720503190684445,0.40874692024296494,9.251532804983457,3.1327951069701956,8.951149872279409,1.332885109343817,25.921933184549967,6.970343646498843,1.7629292831330998,6.713298702972309,1.4504092987701043,14.496086556171424,-0.2744639375521274,0.002380539210198318,-0.009280776998744467,2.2811891584846142
15,88,jian_normal,jian,normal,3752,16.07762054006088,D:\wangshuo\paper4_2\unet_7block_combined_models\unet_7block_combined_15dB_seed88.h5,14.999997421249189,2.123542091305663e-06,14.999997871886634,14.999982726296997,15.000000742035924,14.639509472458363,1.7377461430004364,14.741976773077408,7.596308089963639,19.213468153106156,0.9847528185236752,0.0006136768555912556,0.9845942102108137,0.9838717012515127,0.988548027756709,0.986836862365996,0.0037646640761385074,0.9876044602287468,0.9633172403528477,0.994116718180571,0.17782794727277426,8.639995003637858e-09,0.1778279471463856,0.17782792019380475,0.17782797622191662,0.1891968779554485,0.039510561254806224,0.18318970837796633,0.10947793354392997,0.4170465429184597,9.251532804983457,3.1327951069701956,8.951149872279409,1.332885109343817,25.921933184549967,6.808184588046927,1.6706982725353285,6.9889399869555575,1.4739439380298098,11.321519179498603,-0.36048794879082635,0.0020840438423207486,-0.01136893068267425,2.4433482169365295
15,100,jian_normal,jian,normal,3752,16.15569900740648,D:\wangshuo\paper4_2\unet_7block_combined_models\unet_7block_combined_15dB_seed100.h5,14.999997421249189,2.123542091305663e-06,14.999997871886634,14.999982726296997,15.000000742035924,14.96284673519612,1.3154662787379203,14.983382431474345,8.613998820442836,19.806741407047678,0.9847528185236752,0.0006136768555912556,0.9845942102108137,0.9838717012515127,0.988548027756709,0.9870279195434815,0.0032121447282198686,0.9875882760366714,0.9634831249060527,0.9947765469040258,0.17782794727277426,8.639995003637858e-09,0.1778279471463856,0.17782792019380475,0.17782797622191662,0.18066520081417523,0.027886808505875466,0.17816844083219985,0.10224990800355833,0.37093683890311263,9.251532804983457,3.1327951069701956,8.951149872279409,1.332885109343817,25.921933184549967,8.184924669222543,2.789918085477547,8.03844670919485,1.5126854788230168,15.040972725051716,-0.03715068605306904,0.002275101019806214,-0.0028372535414009636,1.066608135760914
15,123,jian_normal,jian,normal,3752,16.20089476171157,D:\wangshuo\paper4_2\unet_7block_combined_models\unet_7block_combined_15dB_seed123.h5,14.999997421249189,2.123542091305663e-06,14.999997871886634,14.999982726296997,15.000000742035924,15.003726683888132,1.5370285881005281,15.024526984852166,8.129727426980608,19.772183326047546,0.9847528185236752,0.0006136768555912556,0.9845942102108137,0.9838717012515127,0.988548027756709,0.9878508317016341,0.003432298271797476,0.9885580705059676,0.9608934069799235,0.9949027231630566,0.17782794727277426,8.639995003637858e-09,0.1778279471463856,0.17782792019380475,0.17782797622191662,0.1805776181677093,0.032594400895116935,0.17732646021100873,0.10265753507662856,0.3922053807747489,9.251532804983457,3.1327951069701956,8.951149872279409,1.332885109343817,25.921933184549967,8.164646042443225,2.344683740443536,8.04149120535522,1.5025494331160671,13.633524079520063,0.0037292626389433536,0.0030980131779588804,-0.0027496708949350246,1.0868867625402316
15,256,jian_normal,jian,normal,3752,16.175353551081514,D:\wangshuo\paper4_2\unet_7block_combined_models\unet_7block_combined_15dB_seed256.h5,14.999997421249189,2.123542091305663e-06,14.999997871886634,14.999982726296997,15.000000742035924,15.598504351205847,1.438209139358957,15.707831218311565,9.023263749857996,19.750057753835655,0.9847528185236752,0.0006136768555912556,0.9845942102108137,0.9838717012515127,0.988548027756709,0.9880548216324404,0.0034291968569309904,0.9887411007391931,0.9660399222622351,0.9946946591512446,0.17782794727277426,8.639995003637858e-09,0.1778279471463856,0.17782792019380475,0.17782797622191662,0.16833487463782276,0.02914472439042442,0.16391111132024366,0.10291936782147527,0.3538642666109041,9.251532804983457,3.1327951069701956,8.951149872279409,1.332885109343817,25.921933184549967,8.142833252343106,2.1342451400104547,8.636078599642182,1.4591713488503422,12.23798548579221,0.5985069299566579,0.0033020031087651613,0.0094930726349515,1.108699552640351
15,512,jian_normal,jian,normal,3752,16.57548495373703,D:\wangshuo\paper4_2\unet_7block_combined_models\unet_7block_combined_15dB_seed512.h5,14.999997421249189,2.123542091305663e-06,14.999997871886634,14.999982726296997,15.000000742035924,15.733665557953522,1.4601096838301686,15.798720400114302,8.89553332621511,20.900739952817155,0.9847528185236752,0.0006136768555912556,0.9845942102108137,0.9838717012515127,0.988548027756709,0.9871296514591525,0.004222814095756365,0.9879247477653812,0.9585245873257741,0.9960328940530789,0.17782794727277426,8.639995003637858e-09,0.1778279471463856,0.17782792019380475,0.17782797622191662,0.16579167162709704,0.02887822094115706,0.162204841626983,0.09014942988707425,0.3591064735667451,9.251532804983457,3.1327951069701956,8.951149872279409,1.332885109343817,25.921933184549967,7.064562229668661,2.2455774865274365,6.588228135284435,1.4607880584429067,14.533063413435155,0.733668136704333,0.002376832935477302,0.012036275645677219,2.1869705753147954
15,2024,jian_normal,jian,normal,3752,16.11487587331231,D:\wangshuo\paper4_2\unet_7block_combined_models\unet_7block_combined_15dB_seed2024.h5,14.999997421249189,2.123542091305663e-06,14.999997871886634,14.999982726296997,15.000000742035924,14.938324311307587,1.5660576172782505,14.945779381190327,7.750193779901239,19.74742208513635,0.9847528185236752,0.0006136768555912556,0.9845942102108137,0.9838717012515127,0.988548027756709,0.9868972447914718,0.0037336058652870574,0.9875751081838017,0.9525399790644098,0.9947300021923642,0.17782794727277426,8.639995003637858e-09,0.1778279471463856,0.17782792019380475,0.17782797622191662,0.18205753362336374,0.033590624112893236,0.17894143505040655,0.10295060288189081,0.4097228999691256,9.251532804983457,3.1327951069701956,8.951149872279409,1.332885109343817,25.921933184549967,7.17598652611717,1.8237673561238203,7.176901680145649,1.550652576384397,12.248262495779061,-0.06167310994160147,0.0021444262677965398,-0.0042295863505894815,2.0755462788662866
15,7,jian_truck,jian,truck,3752,15.769549407049498,D:\wangshuo\paper4_2\unet_7block_combined_models\unet_7block_combined_15dB_seed7.h5,14.99999752722616,2.1332595331974786e-06,14.99999801168845,14.999983092052302,15.000001023583852,14.455450166190431,1.2024196884548106,14.363053591371319,9.578858370293364,20.110797181713046,0.9850744644446252,0.0008042893010841564,0.9848588347186853,0.9837067036592317,0.9913405236880982,0.9852712965833607,0.0029344771146194277,0.9853287604457994,0.9635911734051528,0.9952595026275735,0.17782794510308558,8.133057745886974e-09,0.17782794515386113,0.17782791733514106,0.1778279712774596,0.1911107162769865,0.02567589271401951,0.19135827168993283,0.09873250037435827,0.3319379920311593,7.589732328118579,2.4198854140646926,7.201154976618428,1.3348775340604042,22.709402024394713,7.103728183348147,1.3767893467267973,7.485258616692638,0.9117546735305266,11.281614573186467,-0.544547361035729,0.0001968321387354477,-0.01328277117390092,0.4860041447704324
15,19,jian_truck,jian,truck,3752,16.466706382745393,D:\wangshuo\paper4_2\unet_7block_combined_models\unet_7block_combined_15dB_seed19.h5,14.99999752722616,2.1332595331974786e-06,14.99999801168845,14.999983092052302,15.000001023583852,14.891781931005577,1.136770737098214,14.880409606304791,8.912199959392165,20.70073775666707,0.9850744644446252,0.0008042893010841564,0.9848588347186853,0.9837067036592317,0.9913405236880982,0.9846748878508328,0.0038910198551337784,0.9850021845241241,0.9518017336181903,0.9959544580652638,0.17782794510308558,8.133057745886974e-09,0.17782794515386113,0.17782791733514106,0.1778279712774596,0.1815988332900101,0.023797936918793762,0.18029322304789008,0.09224930671146424,0.35841807424553446,7.589732328118579,2.4198854140646926,7.201154976618428,1.3348775340604042,22.709402024394713,6.853280433269766,1.7376685008048298,6.980816647871675,0.9751508335557854,12.19708839539743,-0.10821559622058352,-0.0003995765937924167,-0.0037708881869245037,0.7364518948488135
15,42,jian_truck,jian,truck,3752,15.641714947266042,D:\wangshuo\paper4_2\unet_7block_combined_models\unet_7block_combined_15dB_seed42.h5,14.99999752722616,2.1332595331974786e-06,14.99999801168845,14.999983092052302,15.000001023583852,13.734260375795769,1.787175100814127,13.735730665037455,7.622061558640211,20.28610222883742,0.9850744644446252,0.0008042893010841564,0.9848588347186853,0.9837067036592317,0.9913405236880982,0.9842811024142555,0.003782747478913005,0.9845439163297314,0.9551522422272355,0.9954533560601811,0.17782794510308558,8.133057745886974e-09,0.17782794515386113,0.17782791733514106,0.1778279712774596,0.21012101589873197,0.04371164491112062,0.2056900929952053,0.09675978317026461,0.41581178263316904,7.589732328118579,2.4198854140646926,7.201154976618428,1.3348775340604042,22.709402024394713,7.240662930412656,2.291521324297769,6.863459441692642,0.8531358466523637,14.01836910925007,-1.2657371514303914,-0.0007933620303697264,-0.03229307079564639,0.3490693977059234
15,66,jian_truck,jian,truck,3752,15.980029400389848,D:\wangshuo\paper4_2\unet_7block_combined_models\unet_7block_combined_15dB_seed66.h5,14.99999752722616,2.1332595331974786e-06,14.99999801168845,14.999983092052302,15.000001023583852,14.353850752990393,1.47286571280539,14.46297637058035,7.73273344002869,19.829676686095624,0.9850744644446252,0.0008042893010841564,0.9848588347186853,0.9837067036592317,0.9913405236880982,0.9838506345436324,0.003939283197495111,0.9843387972302,0.9548236118221487,0.9949408955360803,0.17782794510308558,8.133057745886974e-09,0.17782794515386113,0.17782791733514106,0.1778279712774596,0.19439401020227468,0.034331640044974424,0.18916950046969033,0.10198027171058557,0.41054735197870745,7.589732328118579,2.4198854140646926,7.201154976618428,1.3348775340604042,22.709402024394713,6.844069859268204,1.8864668754652545,6.593121429207031,0.7230817456867504,14.618927932884397,-0.6461467742357669,-0.00122382990099279,-0.016566065099189092,0.7456624688503748
15,88,jian_truck,jian,truck,3752,16.07762054006088,D:\wangshuo\paper4_2\unet_7block_combined_models\unet_7block_combined_15dB_seed88.h5,14.99999752722616,2.1332595331974786e-06,14.99999801168845,14.999983092052302,15.000001023583852,14.4220230540553,1.5835241095455326,14.537669206738228,7.508151080376941,21.223663124808247,0.9850744644446252,0.0008042893010841564,0.9848588347186853,0.9837067036592317,0.9913405236880982,0.9841884465782587,0.0040645585042215025,0.9846506303455547,0.9538995903400096,0.9962579251696544,0.17782794510308558,8.133057745886974e-09,0.17782794515386113,0.17782791733514106,0.1778279712774596,0.19329754478045966,0.036417423866604175,0.18754972551774596,0.08685940346774897,0.4213008910587946,7.589732328118579,2.4198854140646926,7.201154976618428,1.3348775340604042,22.709402024394713,6.725394008912694,1.7889084993693538,6.924107015922958,0.8610128990609776,11.171529449036408,-0.57797447317086,-0.0008860178663665508,-0.015469599677374074,0.8643383192058849
15,100,jian_truck,jian,truck,3752,16.15569900740648,D:\wangshuo\paper4_2\unet_7block_combined_models\unet_7block_combined_15dB_seed100.h5,14.99999752722616,2.1332595331974786e-06,14.99999801168845,14.999983092052302,15.000001023583852,14.647050248643467,1.2212315796244622,14.694441109985938,8.625705585982157,20.045071361635443,0.9850744644446252,0.0008042893010841564,0.9848588347186853,0.9837067036592317,0.9913405236880982,0.9844341323816594,0.003453027975963557,0.984735822695169,0.9568346797474833,0.9951846456111076,0.17782794510308558,8.133057745886974e-09,0.17782794515386113,0.17782791733514106,0.1778279712774596,0.1870449306841826,0.026560408655191013,0.18419503129457715,0.09948244052077211,0.3704372300126911,7.589732328118579,2.4198854140646926,7.201154976618428,1.3348775340604042,22.709402024394713,8.305860221110391,3.0432918051966014,8.167516194611101,0.941548655093453,15.486236312129162,-0.35294727858269326,-0.000640332062965765,-0.009216985581097015,-0.7161278929918122
15,123,jian_truck,jian,truck,3752,16.20089476171157,D:\wangshuo\paper4_2\unet_7block_combined_models\unet_7block_combined_15dB_seed123.h5,14.99999752722616,2.1332595331974786e-06,14.99999801168845,14.999983092052302,15.000001023583852,14.763187885659368,1.4290214893656104,14.75941656682108,8.190476046978835,20.552675192165005,0.9850744644446252,0.0008042893010841564,0.9848588347186853,0.9837067036592317,0.9913405236880982,0.985051621291173,0.0038354327336702103,0.9852882265205806,0.9556541354882307,0.9956956207197875,0.17782794510308558,8.133057745886974e-09,0.17782794515386113,0.17782791733514106,0.1778279712774596,0.18522159644640493,0.03056573891001234,0.18282225533121987,0.09383529835945664,0.3894718874417731,7.589732328118579,2.4198854140646926,7.201154976618428,1.3348775340604042,22.709402024394713,8.20533770839269,2.509198900234855,8.149625842505941,0.7973535528717177,13.801113047654681,-0.23680964156679174,-2.2843153452245524e-05,-0.007393651343319346,-0.6156053802741113
15,256,jian_truck,jian,truck,3752,16.175353551081514,D:\wangshuo\paper4_2\unet_7block_combined_models\unet_7block_combined_15dB_seed256.h5,14.99999752722616,2.1332595331974786e-06,14.99999801168845,14.999983092052302,15.000001023583852,14.326409374140407,1.394312024635673,14.343015103798878,8.578841747195993,20.195132289699774,0.9850744644446252,0.0008042893010841564,0.9848588347186853,0.9837067036592317,0.9913405236880982,0.9849901271161374,0.00384528829338424,0.9854199024710222,0.9562193504249403,0.9953811750252917,0.17782794510308558,8.133057745886974e-09,0.17782794515386113,0.17782791733514106,0.1778279712774596,0.19464896876793375,0.03135795533324278,0.19180024294838846,0.09777850330008583,0.37244128566902496,7.589732328118579,2.4198854140646926,7.201154976618428,1.3348775340604042,22.709402024394713,8.147243645536491,2.2909025367026197,8.668872290168588,0.9226935133455866,13.0989015602502,-0.6735881530857526,-8.433732848778241e-05,-0.016821023664848167,-0.5575113174179123
15,512,jian_truck,jian,truck,3752,16.57548495373703,D:\wangshuo\paper4_2\unet_7block_combined_models\unet_7block_combined_15dB_seed512.h5,14.99999752722616,2.1332595331974786e-06,14.99999801168845,14.999983092052302,15.000001023583852,14.760415009680408,1.4617659657018207,14.758019670584018,8.731652591126206,20.963753013556964,0.9850744644446252,0.0008042893010841564,0.9848588347186853,0.9837067036592317,0.9913405236880982,0.9848279836183989,0.00479076999087588,0.9854460508881139,0.9517620047339215,0.9960785719721313,0.17782794510308558,8.133057745886974e-09,0.17782794515386113,0.17782791733514106,0.1778279712774596,0.18539035358048003,0.031168111038950966,0.18285164844942917,0.08949779758772718,0.3659462281119492,7.589732328118579,2.4198854140646926,7.201154976618428,1.3348775340604042,22.709402024394713,7.007428386354099,2.440637502740443,6.438089629911195,0.7852035507515228,14.819713249416484,-0.23958251754575244,-0.0002464808262263585,-0.00756240847739445,0.5823039417644802
15,2024,jian_truck,jian,truck,3752,16.11487587331231,D:\wangshuo\paper4_2\unet_7block_combined_models\unet_7block_combined_15dB_seed2024.h5,14.99999752722616,2.1332595331974786e-06,14.99999801168845,14.999983092052302,15.000001023583852,14.629603718569678,1.453838173330171,14.673436296041213,7.837337412970639,20.77099631151741,0.9850744644446252,0.0008042893010841564,0.9848588347186853,0.9837067036592317,0.9913405236880982,0.9843702548067668,0.00406683172094921,0.9847660974526611,0.9481941697732318,0.9958266266635202,0.17782794510308558,8.133057745886974e-09,0.17782794515386113,0.17782791733514106,0.1778279712774596,0.18819711548007223,0.031889756949330536,0.18464096681448536,0.09150612889260318,0.40563278985948564,7.589732328118579,2.4198854140646926,7.201154976618428,1.3348775340604042,22.709402024394713,7.147686998905513,2.0310091344636585,7.100021300895785,1.0700845417210316,12.402233172416771,-0.3703938086564822,-0.0007042096378584439,-0.010369170376986647,0.44204532921306594
15,7,la_normal,la,normal,3852,15.769549407049498,D:\wangshuo\paper4_2\unet_7block_combined_models\unet_7block_combined_15dB_seed7.h5,14.999999542475972,4.4494439479370107e-07,14.999999546852848,14.999997787201465,15.000001065926645,15.590191993262115,1.1255900438188768,15.553947310316872,10.975173072682807,20.55916915239211,0.9847245909969512,0.0004870430397959439,0.9846211534308114,0.9840339168686725,0.98914912473429,0.9861776462104797,0.003532753646192594,0.9864618180485568,0.9608507506249058,0.9957584134558605,0.17782794738618646,8.615235772638394e-09,0.17782794733893953,0.17782791889651672,0.1778279761569835,0.1675354800692946,0.021559171982482882,0.1668409384889222,0.09376516911912744,0.2826450245010473,11.63866156356107,4.807842057012727,11.158944528294345,1.193515487195414,37.0163360597284,6.480915385529469,2.115131472036379,6.518145057601975,1.1348540372681901,20.730607553418498,0.5901924507861427,0.0014530552135284536,0.010292467316891846,5.157746178031601
15,19,la_normal,la,normal,3852,16.466706382745393,D:\wangshuo\paper4_2\unet_7block_combined_models\unet_7block_combined_15dB_seed19.h5,14.999999542475972,4.4494439479370107e-07,14.999999546852848,14.999997787201465,15.000001065926645,16.555569394313142,0.9963187527467486,16.583169576261312,12.449678380892928,20.73456537107415,0.9847245909969512,0.0004870430397959439,0.9846211534308114,0.9840339168686725,0.98914912473429,0.9889636426784865,0.002580803247003793,0.9893543650287836,0.9722822328784726,0.9958500840090979,0.17782794738618646,8.615235772638394e-09,0.17782794733893953,0.17782791889651672,0.1778279761569835,0.1496544510462523,0.017338512401911785,0.14819771807051646,0.09189073605611035,0.23851520363911619,11.63866156356107,4.807842057012727,11.158944528294345,1.193515487195414,37.0163360597284,6.05474821779509,2.168977001391722,6.183273687825782,1.16476610345268,19.532731985702174,1.55556985183717,0.004239051681535266,0.028173496339934156,5.58391334576598
15,42,la_normal,la,normal,3852,15.641714947266042,D:\wangshuo\paper4_2\unet_7block_combined_models\unet_7block_combined_15dB_seed42.h5,14.999999542475972,4.4494439479370107e-07,14.999999546852848,14.999997787201465,15.000001065926645,15.831498323744583,1.035337028406265,15.757738173029203,11.166036449161984,20.28501364352712,0.9847245909969512,0.0004870430397959439,0.9846211534308114,0.9840339168686725,0.98914912473429,0.9869215909238029,0.0030722110874925796,0.9870842481524305,0.9629483999147253,0.9953734984865321,0.17782794738618646,8.615235772638394e-09,0.17782794733893953,0.17782791889651672,0.1778279761569835,0.16273410517255887,0.019192212923085972,0.16297202924572124,0.09677191087382842,0.2765019356503263,11.63866156356107,4.807842057012727,11.158944528294345,1.193515487195414,37.0163360597284,6.061958974612784,2.123847932085268,6.14462511659416,1.2016121540416822,20.865046032242724,0.8314987812686105,0.0021969999268517393,0.015093842213627584,5.576702588948287
15,66,la_normal,la,normal,3852,15.980029400389848,D:\wangshuo\paper4_2\unet_7block_combined_models\unet_7block_combined_15dB_seed66.h5,14.999999542475972,4.4494439479370107e-07,14.999999546852848,14.999997787201465,15.000001065926645,16.331072376638613,1.0229537715267685,16.31858015293036,11.556313691465965,20.118748569048776,0.9847245909969512,0.0004870430397959439,0.9846211534308114,0.9840339168686725,0.98914912473429,0.9890207070872999,0.002357570504793833,0.9892920042122537,0.9742322970479567,0.9953350286555352,0.17782794738618646,8.615235772638394e-09,0.17782794733893953,0.17782791889651672,0.1778279761569835,0.15361813946509728,0.01803926703213694,0.15278157807501136,0.09864215924791406,0.2643530405766153,11.63866156356107,4.807842057012727,11.158944528294345,1.193515487195414,37.0163360597284,6.255133091608986,2.241576541598956,6.4982018567182385,1.2096173175067457,19.247204178936467,1.33107283416264,0.004296116090348745,0.024209807921089177,5.383528471952085
15,88,la_normal,la,normal,3852,16.07762054006088,D:\wangshuo\paper4_2\unet_7block_combined_models\unet_7block_combined_15dB_seed88.h5,14.999999542475972,4.4494439479370107e-07,14.999999546852848,14.999997787201465,15.000001065926645,16.066967175288706,0.991891217011265,16.0517794917881,11.856355090396498,20.525989849328255,0.9847245909969512,0.0004870430397959439,0.9846211534308114,0.9840339168686725,0.98914912473429,0.9881315037511872,0.0026519499058264818,0.9884794824614289,0.9724636015199833,0.9956533463750397,0.17782794738618646,8.615235772638394e-09,0.17782794733893953,0.17782791889651672,0.1778279761569835,0.15829886855716457,0.018110347533347143,0.15754731929438792,0.09412402844959268,0.2553772643645795,11.63866156356107,4.807842057012727,11.158944528294345,1.193515487195414,37.0163360597284,5.8556257051392855,2.126299174947337,5.925220933008793,1.159094441308474,19.272682963372034,1.0669676328127338,0.003406912754235991,0.019529078829021884,5.783035858421785
15,100,la_normal,la,normal,3852,16.15569900740648,D:\wangshuo\paper4_2\unet_7block_combined_models\unet_7block_combined_15dB_seed100.h5,14.999999542475972,4.4494439479370107e-07,14.999999546852848,14.999997787201465,15.000001065926645,16.10286144913259,1.1521459215660754,16.055876367753747,12.018924802123482,22.795810919310235,0.9847245909969512,0.0004870430397959439,0.9846211534308114,0.9840339168686725,0.98914912473429,0.9880658491399676,0.0030777807776888612,0.9884288504711808,0.9695684961681998,0.9973829499762995,0.17782794738618646,8.615235772638394e-09,0.17782794733893953,0.17782791889651672,0.1778279761569835,0.15799089367827096,0.020694499046056015,0.15747302465449475,0.07247854263692802,0.25064194838122067,11.63866156356107,4.807842057012727,11.158944528294345,1.193515487195414,37.0163360597284,5.922333290352543,2.214845652493507,6.00373863847684,1.1825997862524418,18.806855954154607,1.1028619066566172,0.0033412581430164456,0.019837053707915497,5.716328273208528
15,123,la_normal,la,normal,3852,16.20089476171157,D:\wangshuo\paper4_2\unet_7block_combined_models\unet_7block_combined_15dB_seed123.h5,14.999999542475972,4.4494439479370107e-07,14.999999546852848,14.999997787201465,15.000001065926645,16.321434593376292,1.0071735819364072,16.340540720749633,11.678103963875365,20.386072211394062,0.9847245909969512,0.0004870430397959439,0.9846211534308114,0.9840339168686725,0.98914912473429,0.9888041993672269,0.0026130839321756778,0.9892204384882215,0.9696233753935201,0.9955941164870267,0.17782794738618646,8.615235772638394e-09,0.17782794733893953,0.17782791889651672,0.1778279761569835,0.15376399425572282,0.017973341285396578,0.15239578275048143,0.09565251400138838,0.2606722420909712,11.63866156356107,4.807842057012727,11.158944528294345,1.193515487195414,37.0163360597284,6.0503320831706775,2.129888319771203,6.202842336385626,1.266990273397377,20.09302040006014,1.3214350509003197,0.004079608370275656,0.02406395313046364,5.588329480390393
15,256,la_normal,la,normal,3852,16.175353551081514,D:\wangshuo\paper4_2\unet_7block_combined_models\unet_7block_combined_15dB_seed256.h5,14.999999542475972,4.4494439479370107e-07,14.999999546852848,14.999997787201465,15.000001065926645,16.49489451614244,1.0559742872682254,16.491929465797156,12.565989161796114,20.952367664286843,0.9847245909969512,0.0004870430397959439,0.9846211534308114,0.9840339168686725,0.98914912473429,0.988865195099396,0.002668020181082443,0.9892233003186284,0.9727936845212727,0.9960393531070367,0.17782794738618646,8.615235772638394e-09,0.17782794733893953,0.17782791889651672,0.1778279761569835,0.15081560152130147,0.018263375249942183,0.14976265288496293,0.08961518728584475,0.23534259717995026,11.63866156356107,4.807842057012727,11.158944528294345,1.193515487195414,37.0163360597284,6.0278446288740275,2.162219548877554,6.1413868351594285,1.2643895216466825,19.39436204990449,1.4948949736664687,0.004140604102444767,0.02701234586488499,5.610816934687043
15,512,la_normal,la,normal,3852,16.57548495373703,D:\wangshuo\paper4_2\unet_7block_combined_models\unet_7block_combined_15dB_seed512.h5,14.999999542475972,4.4494439479370107e-07,14.999999546852848,14.999997787201465,15.000001065926645,16.454790638551035,1.178487699487439,16.50136107146634,12.187703499032846,21.395620506208047,0.9847245909969512,0.0004870430397959439,0.9846211534308114,0.9840339168686725,0.98914912473429,0.9884962316145564,0.003226374623994491,0.9890593336322113,0.9710804682190647,0.9966644204423076,0.17782794738618646,8.615235772638394e-09,0.17782794733893953,0.17782791889651672,0.1778279761569835,0.15180026271747246,0.020813492460334662,0.14960011944927032,0.08515672958665102,0.24581864644077173,11.63866156356107,4.807842057012727,11.158944528294345,1.193515487195414,37.0163360597284,5.853749864109149,2.2321327706851517,5.9927246375945025,1.36841666746579,20.458094028637287,1.4547910960750627,0.0037716406176051542,0.026027684668713996,5.784911699451921
15,2024,la_normal,la,normal,3852,16.11487587331231,D:\wangshuo\paper4_2\unet_7block_combined_models\unet_7block_combined_15dB_seed2024.h5,14.999999542475972,4.4494439479370107e-07,14.999999546852848,14.999997787201465,15.000001065926645,16.320400333304754,1.008796896236096,16.282088286106795,11.550854422992991,21.04100728523829,0.9847245909969512,0.0004870430397959439,0.9846211534308114,0.9840339168686725,0.98914912473429,0.9884852549291845,0.0025748133307509137,0.9887071471631756,0.9677922454029902,0.9960647977173943,0.17782794738618646,8.615235772638394e-09,0.17782794733893953,0.17782791889651672,0.1778279761569835,0.15377424732364212,0.0177163675963735,0.15342480257132138,0.08870531337658828,0.2645192391778524,11.63866156356107,4.807842057012727,11.158944528294345,1.193515487195414,37.0163360597284,6.136779246620051,2.224960485600054,6.25354946494498,1.1662724544572087,20.439818520028624,1.3204007908287814,0.003760663932233288,0.024053700062544342,5.501882316941019
15,7,la_truck,la,truck,3852,15.769549407049498,D:\wangshuo\paper4_2\unet_7block_combined_models\unet_7block_combined_15dB_seed7.h5,14.99999964506934,4.2388324102110654e-07,14.999999649304115,14.999998204670597,15.000001048763531,15.787450517067784,1.454748636599866,15.671511104984331,11.224478518589374,21.179465668461404,0.9850445126681193,0.0007796185763411051,0.9848544456513857,0.9840451566613766,0.9935088347919204,0.9867167044609607,0.004264901493963431,0.9870593476112361,0.9623153206104604,0.9963694878074734,0.1778279452857719,8.182840609394208e-09,0.17782794516091455,0.17782791934491537,0.17782797334737205,0.16467139631638464,0.027084907480952936,0.16459795525357673,0.08730250726925404,0.27464776703465293,9.551924462762134,3.9980452012866046,8.943674480493637,0.9175663259869814,31.77404913371471,6.191349425023536,2.084896673652539,6.328800383417333,1.0357508607174493,18.656722523260882,0.7874508719984448,0.0016721917928413932,0.013156548969387255,3.360575037738598
15,19,la_truck,la,truck,3852,16.466706382745393,D:\wangshuo\paper4_2\unet_7block_combined_models\unet_7block_combined_15dB_seed19.h5,14.99999964506934,4.2388324102110654e-07,14.999999649304115,14.999998204670597,15.000001048763531,16.054995514164084,1.3456791766349308,15.856617284862706,11.40113510306273,22.00809995710511,0.9850445126681193,0.0007796185763411051,0.9848544456513857,0.9840451566613766,0.9935088347919204,0.9876774451064133,0.003580094616822428,0.9876636381322845,0.9647125481953719,0.9973774115654916,0.1778279452857719,8.182840609394208e-09,0.17782794516091455,0.17782791934491537,0.17782797334737205,0.15932225883551002,0.023542483302385103,0.16112729957696537,0.07935878313614002,0.2691183085440743,9.551924462762134,3.9980452012866046,8.943674480493637,0.9175663259869814,31.77404913371471,5.828657827817698,2.174712629824685,6.025340235862522,1.0478809426668874,18.350325864507273,1.0549958690947445,0.002632932438293989,0.018505686450261877,3.7232666349444363
15,42,la_truck,la,truck,3852,15.641714947266042,D:\wangshuo\paper4_2\unet_7block_combined_models\unet_7block_combined_15dB_seed42.h5,14.99999964506934,4.2388324102110654e-07,14.999999649304115,14.999998204670597,15.000001048763531,15.76380424320656,1.354367069459596,15.63906257641131,11.785787795872597,21.30736841253199,0.9850445126681193,0.0007796185763411051,0.9848544456513857,0.9840451566613766,0.9935088347919204,0.9867463552669935,0.0037868773355402095,0.986976567564209,0.9668592705141505,0.9963395314107865,0.1778279452857719,8.182840609394208e-09,0.17782794516091455,0.17782791934491537,0.17782797334737205,0.16480286904332386,0.02494965563924025,0.16521400514884974,0.08602636637270605,0.25746049999343745,9.551924462762134,3.9980452012866046,8.943674480493637,0.9175663259869814,31.77404913371471,5.812126652626542,2.1395339503703,5.88125825645089,1.012853840939661,18.63761338089958,0.7638045981372201,0.0017018425988741814,0.01302507624244803,3.7397978101355918
15,66,la_truck,la,truck,3852,15.980029400389848,D:\wangshuo\paper4_2\unet_7block_combined_models\unet_7block_combined_15dB_seed66.h5,14.99999964506934,4.2388324102110654e-07,14.999999649304115,14.999998204670597,15.000001048763531,15.841986381287711,1.2278334961219406,15.669707430375583,11.845071539956297,21.771393396494506,0.9850445126681193,0.0007796185763411051,0.9848544456513857,0.9840451566613766,0.9935088347919204,0.9870194214622955,0.0031329757480410593,0.9868012951746254,0.9667577050362268,0.9967104601541553,0.1778279452857719,8.182840609394208e-09,0.17782794516091455,0.17782791934491537,0.17782797334737205,0.16295421948588895,0.021813796427325158,0.16463214007120058,0.08155119512226411,0.25570923748645463,9.551924462762134,3.9980452012866046,8.943674480493637,0.9175663259869814,31.77404913371471,5.9158271202795865,2.2247902922879232,6.149865609210169,1.0393435505040958,17.414069194029636,0.841986736218372,0.0019749087941761667,0.014873725799882942,3.6360973424825476
15,88,la_truck,la,truck,3852,16.07762054006088,D:\wangshuo\paper4_2\unet_7block_combined_models\unet_7block_combined_15dB_seed88.h5,14.99999964506934,4.2388324102110654e-07,14.999999649304115,14.999998204670597,15.000001048763531,16.00436080831262,1.4163450343628838,15.834148197803138,11.517691485833527,22.033461814649673,0.9850445126681193,0.0007796185763411051,0.9848544456513857,0.9840451566613766,0.9935088347919204,0.9872473650893392,0.003684206266572201,0.9872893648702834,0.9656750877085295,0.9969602012448385,0.1778279452857719,8.182840609394208e-09,0.17782794516091455,0.17782791934491537,0.17782797334737205,0.16045801769055656,0.025047207084986874,0.1615446519334794,0.07912740204532667,0.26553111880874253,9.551924462762134,3.9980452012866046,8.943674480493637,0.9175663259869814,31.77404913371471,5.49705832280947,2.0943810036975314,5.586569011279735,0.9238090391530507,16.294847161567425,1.0043611632432796,0.0022028524212198697,0.01736992759521533,4.054866139952664
15,100,la_truck,la,truck,3852,16.15569900740648,D:\wangshuo\paper4_2\unet_7block_combined_models\unet_7block_combined_15dB_seed100.h5,14.99999964506934,4.2388324102110654e-07,14.999999649304115,14.999998204670597,15.000001048763531,16.003465390748662,1.4595627724913163,15.862377242619887,11.23917696201567,22.2137338287075,0.9850445126681193,0.0007796185763411051,0.9848544456513857,0.9840451566613766,0.9935088347919204,0.9871790873531183,0.003968256894233361,0.9873869336360632,0.9642665659944094,0.9970139489586429,0.1778279452857719,8.182840609394208e-09,0.17782794516091455,0.17782791934491537,0.17782797334737205,0.16061280472493347,0.026023403286410226,0.1610204865522028,0.07750207070433274,0.27418339007292775,9.551924462762134,3.9980452012866046,8.943674480493637,0.9175663259869814,31.77404913371471,5.6622230352533816,2.219950746782194,5.733432624760065,1.0466631598282397,17.078775958701453,1.003465745679323,0.002134574684999002,0.01721514056083842,3.8897014275087525
15,123,la_truck,la,truck,3852,16.20089476171157,D:\wangshuo\paper4_2\unet_7block_combined_models\unet_7block_combined_15dB_seed123.h5,14.99999964506934,4.2388324102110654e-07,14.999999649304115,14.999998204670597,15.000001048763531,16.145393800847263,1.4492508390598724,15.96077239804951,11.532380799661617,22.37332419465815,0.9850445126681193,0.0007796185763411051,0.9848544456513857,0.9840451566613766,0.9935088347919204,0.9875345975831538,0.003778355809424449,0.9876042872070716,0.9666858047610445,0.9971630611318487,0.1778279452857719,8.182840609394208e-09,0.17782794516091455,0.17782791934491537,0.17782797334737205,0.15796439829467554,0.025144931769851338,0.1592067113087881,0.0760910872397009,0.2650824337336381,9.551924462762134,3.9980452012866046,8.943674480493637,0.9175663259869814,31.77404913371471,5.772005079623399,2.1006629355565063,5.951461190963517,1.036284156057582,17.827360550539314,1.1453941557779235,0.0024900849150344406,0.019863546991096354,3.7799193831387354
15,256,la_truck,la,truck,3852,16.175353551081514,D:\wangshuo\paper4_2\unet_7block_combined_models\unet_7block_combined_15dB_seed256.h5,14.99999964506934,4.2388324102110654e-07,14.999999649304115,14.999998204670597,15.000001048763531,15.959822062099335,1.3935732458735017,15.773255304165808,12.05217775261804,22.139125718522607,0.9850445126681193,0.0007796185763411051,0.9848544456513857,0.9840451566613766,0.9935088347919204,0.9877171651451215,0.0036138073873518617,0.9878075422163342,0.9716506770692257,0.9969494455522905,0.1778279452857719,8.182840609394208e-09,0.17782794516091455,0.17782791934491537,0.17782797334737205,0.1612049261694239,0.024534486281847373,0.1626811470293559,0.0781706483492675,0.24968422242110525,9.551924462762134,3.9980452012866046,8.943674480493637,0.9175663259869814,31.77404913371471,5.770332615173131,2.1571345465720806,5.897964126958905,0.9824708127364159,16.70320202372251,0.9598224170299954,0.002672652477002213,0.016623019116348003,3.781591847589003
15,512,la_truck,la,truck,3852,16.57548495373703,D:\wangshuo\paper4_2\unet_7block_combined_models\unet_7block_combined_15dB_seed512.h5,14.99999964506934,4.2388324102110654e-07,14.999999649304115,14.999998204670597,15.000001048763531,16.214453149536016,1.6578449803710071,15.999811714979291,11.401213235869584,23.838520120485093,0.9850445126681193,0.0007796185763411051,0.9848544456513857,0.9840451566613766,0.9935088347919204,0.9876999344374353,0.004390259964403335,0.9879894673869924,0.9631280973049426,0.9979604194384495,0.1778279452857719,8.182840609394208e-09,0.17782794516091455,0.17782791934491537,0.17782797334737205,0.15736664296393116,0.0287494294531952,0.15849275131253796,0.06427972209512102,0.26911588791868285,9.551924462762134,3.9980452012866046,8.943674480493637,0.9175663259869814,31.77404913371471,5.5705851432707645,2.255504443790601,5.600657350321766,0.9787386577362763,18.2122299178219,1.214453504466677,0.002655421769315991,0.020461302321840735,3.9813393194913695
15,2024,la_truck,la,truck,3852,16.11487587331231,D:\wangshuo\paper4_2\unet_7block_combined_models\unet_7block_combined_15dB_seed2024.h5,14.99999964506934,4.2388324102110654e-07,14.999999649304115,14.999998204670597,15.000001048763531,16.157383076553423,1.3998030929555851,15.962173923960219,11.145259035361843,22.607385523664934,0.9850445126681193,0.0007796185763411051,0.9848544456513857,0.9840451566613766,0.9935088347919204,0.9875759528881481,0.0035659993227158547,0.9875191996847021,0.9639325290328902,0.997261480220981,0.1778279452857719,8.182840609394208e-09,0.17782794516091455,0.17782791934491537,0.17782797334737205,0.15759720751226558,0.024102550501825068,0.1591810249220974,0.07406801794987128,0.27716413914001914,9.551924462762134,3.9980452012866046,8.943674480493637,0.9175663259869814,31.77404913371471,5.830918179685392,2.221683529253911,5.966509626851851,1.059112331938198,19.4464222992156,1.1573834314840834,0.0025314402200288244,0.020230737773506313,3.7210062830767416
